5792.17,3066.40,928.71,593.14,875.35,665.84,2587.25,2903.28,2327.18,10556.82,1442.95,356.84,254.05,1605.31,5266.85,4647.99,5783.65,6697.74,0
5789.90,3064.45,927.82,592.29,875.35,665.84,2585.82,2900.58,2325.61,10556.04,1442.95,356.84,254.05,1605.31,5266.85,4647.99,5776.51,6698.45,0
5789.90,3063.47,926.94,591.44,875.35,665.84,2582.49,2896.09,2324.44,10544.84,1442.37,355.90,254.05,1604.37,5267.77,4644.22,5783.65,6693.51,0
6643.25,3748.25,1080.54,724.19,1036.72,822.91,3430.62,3736.38,2822.53,11648.55,1352.51,331.55,249.40,1588.44,5196.63,4556.45,5673.43,6567.30,0
6646.65,3749.22,1080.54,722.49,1035.81,822.91,3426.81,3731.89,2820.18,11657.44,1350.76,331.55,248.47,1587.50,5193.85,4559.28,5669.46,6577.17,0
6644.39,3749.22,1080.54,723.34,1037.62,822.91,3430.15,3735.93,2823.31,11656.28,1353.10,331.55,249.40,1588.44,5199.40,4559.28,5676.60,6576.46,0
6644.39,3748.25,1080.54,723.34,1036.72,821.77,3424.91,3730.54,2822.53,11636.96,1351.35,331.55,248.47,1587.50,5200.32,4555.50,5676.60,6570.82,0
6503.86,3460.90,1046.80,666.33,1019.59,783.07,3529.67,3816.82,2788.07,10013.07,1413.78,356.84,257.78,1613.74,5321.37,4682.91,5840.74,6724.54,0
7081.83,3724.87,1133.81,731.85,1061.96,837.70,3451.10,3770.53,2852.68,11880.43,1413.20,369.95,254.98,1607.18,5298.27,4673.47,5789.99,6715.37,0
6643.25,3748.25,1080.54,723.34,1036.72,822.91,3429.19,3735.48,2825.27,11655.51,1351.93,331.55,249.40,1589.38,5200.32,4559.28,5675.81,6577.17,0
6639.85,3746.30,1080.54,723.34,1035.81,822.91,3426.34,3731.89,2820.96,11650.87,1351.35,331.55,248.47,1587.50,5198.47,4552.67,5675.01,6568.00,0
6640.99,3747.28,1080.54,723.34,1036.72,822.91,3425.86,3732.34,2821.36,11655.51,1352.51,331.55,249.40,1589.38,5199.40,4559.28,5676.60,6576.46,0
6639.85,3747.28,1080.54,723.34,1036.72,822.91,3425.86,3732.34,2820.96,11655.90,1353.10,331.55,249.40,1588.44,5199.40,4559.28,5669.46,6575.76,0
8228.71,3788.19,1152.45,793.12,1110.64,946.97,3506.34,3858.16,2854.64,11103.65,1355.43,349.35,253.12,1599.68,5240.05,4614.96,5730.52,6645.56,0
6961.70,3775.52,1091.19,729.30,1043.03,863.88,3050.61,3350.39,2582.88,11667.49,1140.13,337.17,252.19,1598.75,5256.69,4616.85,5740.03,6608.19,0
6644.39,3750.20,1079.65,723.34,1035.81,822.91,3424.91,3730.54,2819.01,11662.85,1351.35,331.55,248.47,1587.50,5195.70,4559.28,5670.26,6575.76,0
9873.09,3843.71,1174.65,771.00,1198.08,905.99,3694.44,4245.50,3367.22,12546.68,1509.47,649.05,254.98,1606.24,5287.18,4642.33,5776.51,6678.00,0
6271.54,4405.75,1142.69,810.99,1202.59,800.14,2767.74,3078.98,2902.41,10236.83,1374.10,341.85,253.12,1600.62,5225.27,4614.02,5710.70,6651.21,0
6642.12,3748.25,1080.54,723.34,1036.72,822.91,3427.29,3733.69,2820.57,11653.96,1350.18,331.55,249.40,1588.44,5199.40,4560.22,5674.22,6577.17,0
6637.59,3746.30,1079.65,722.49,1035.81,821.77,3426.34,3731.89,2820.57,11651.26,1350.18,331.55,248.47,1587.50,5194.78,4557.39,5667.88,6572.23,0
6643.25,3748.25,1080.54,723.34,1036.72,822.91,3428.72,3733.69,2821.36,11661.31,1351.93,331.55,249.40,1589.38,5200.32,4559.28,5675.01,6575.76,0
8470.09,3939.17,1118.71,739.51,1146.70,934.45,3598.73,3903.09,2866.78,12599.24,1413.78,586.30,256.85,1610.93,5323.22,4672.53,5832.01,6720.30,0
6764.51,4172.95,1116.94,778.66,1067.37,822.91,4205.42,4037.45,2855.03,10029.30,1368.27,368.08,249.40,1591.25,5208.64,4623.45,5683.74,6670.95,0
6643.25,3748.25,1080.54,723.34,1036.72,822.91,3428.72,3733.69,2820.96,11661.69,1351.93,331.55,249.40,1589.38,5201.25,4560.22,5668.67,6575.76,0
6642.12,3747.28,1164.88,795.68,1035.81,912.82,3627.77,4128.67,2820.96,12508.80,1351.35,531.04,251.26,1596.87,5201.25,4594.20,5675.01,6618.07,0
8653.68,4096.00,1177.31,782.06,1391.00,918.51,3736.35,4423.45,3433.01,12282.34,1593.49,504.82,254.05,1604.37,5277.94,4619.68,5753.51,6649.79,0
6643.25,3748.25,1078.76,723.34,1035.81,822.91,3423.96,3729.19,2817.44,11662.47,1350.76,331.55,248.47,1587.50,5195.70,4560.22,5668.67,6575.05,0
6642.12,3749.22,1080.54,723.34,1037.62,824.04,3428.72,3734.14,2821.36,11660.15,1352.51,331.55,249.40,1588.44,5200.32,4559.28,5674.22,6573.64,0
7606.54,3848.58,1068.99,722.49,1089.00,887.78,3782.07,4459.84,2781.02,12057.81,1309.92,516.06,252.19,1598.75,5293.65,4605.52,5797.92,6634.28,0
6705.58,3748.25,1080.54,723.34,1036.72,825.18,3432.53,3738.18,2824.10,11802.75,1352.51,366.20,249.40,1589.38,5203.09,4573.43,5675.81,6598.32,0
6638.72,3747.28,1080.54,723.34,1036.72,822.91,3428.24,3732.79,2817.05,11661.31,1350.18,331.55,248.47,1587.50,5194.78,4559.28,5667.08,6573.64,0
8182.24,3881.70,1190.63,791.42,1142.19,908.27,4068.27,4585.66,2929.04,12663.77,1451.12,545.09,254.05,1603.43,5285.33,4631.95,5773.34,6659.67,0
10112.21,3500.83,965.11,651.86,997.05,929.89,3428.24,3712.12,2674.90,11668.26,1244.57,333.42,252.19,1598.75,5274.24,4611.18,5782.06,6633.58,0
6659.12,3753.12,1082.31,724.19,1037.62,824.04,3448.72,4196.07,3422.83,11660.15,1368.27,358.71,249.40,1589.38,5204.02,4562.11,5675.81,6574.35,0
7237.09,4002.49,1055.68,709.73,1262.09,842.25,3548.72,3791.20,2995.61,10593.14,1565.49,375.57,255.92,1609.06,5286.25,4662.15,5793.95,6701.27,0
6749.78,3402.45,1094.74,731.00,970.01,827.46,3558.72,3915.23,2679.99,11041.43,1291.25,372.76,251.26,1595.94,5303.81,4592.31,5828.84,6637.81,0
6643.25,3749.22,1080.54,724.19,1037.62,824.04,3428.72,3734.14,2820.96,11661.69,1352.51,331.55,249.40,1589.38,5202.17,4560.22,5675.01,6567.30,0
8620.82,3757.02,1177.31,784.61,1253.07,954.93,3906.83,4215.40,2928.65,11926.03,1453.46,467.35,254.05,1605.31,5284.41,4634.78,5769.37,6661.78,0
8149.38,3945.01,1170.21,837.37,1144.90,975.42,3803.02,4224.83,3090.76,11730.10,1326.26,370.89,254.05,1605.31,5300.12,4639.50,5786.82,6670.95,0
6644.39,4557.71,1137.36,833.12,1235.95,780.79,3168.71,3488.34,2835.45,10632.95,1352.51,339.98,254.05,1602.50,5214.18,4634.78,5689.29,6665.31,0
6642.12,3748.25,1080.54,723.34,1036.72,822.91,3429.19,3733.69,2821.36,11662.47,1351.93,331.55,249.40,1589.38,5203.09,4561.17,5675.81,6575.05,0

5200.60,3627.47,996.19,629.73,808.64,673.80,397.64,646.62,2311.12,10336.92,734.61,234.15,243.82,1558.45,5082.97,4436.59,5544.18,6419.93,25
5198.33,3622.59,995.30,629.73,807.74,673.80,396.68,645.72,2309.95,10330.74,735.77,233.21,243.82,1557.51,5083.90,4432.81,5544.18,6415.00,25
5164.33,3612.85,992.64,627.18,803.23,671.53,391.92,638.98,2298.98,10314.89,731.69,233.21,243.82,1558.45,5083.90,4439.42,5544.97,6423.46,25
5151.87,3609.93,992.64,627.18,802.33,669.25,389.54,637.18,2295.07,10310.64,730.52,232.27,243.82,1557.51,5079.28,4438.48,5538.63,6422.75,25
5155.26,3609.93,992.64,627.18,802.33,669.25,388.59,636.29,2293.11,10305.62,730.52,233.21,243.82,1559.39,5085.75,4439.42,5544.97,6423.46,25
5148.47,3611.88,992.64,626.33,802.33,669.25,388.11,635.39,2294.68,10307.94,731.10,232.27,243.82,1559.39,5084.82,4439.42,5545.77,6415.70,25
5149.60,3607.01,991.75,626.33,802.33,669.25,387.16,634.04,2292.33,10312.58,731.10,233.21,243.82,1557.51,5080.20,4438.48,5540.22,6422.75,25
5151.87,3610.91,992.64,627.18,802.33,669.25,386.68,634.49,2293.50,10308.71,731.10,232.27,243.82,1559.39,5084.82,4438.48,5545.77,6422.75,25
5157.53,3613.83,993.53,627.18,803.23,669.25,388.59,636.74,2296.24,10306.01,731.10,232.27,243.82,1558.45,5085.75,4434.70,5546.56,6417.11,25
5168.86,3618.70,994.41,628.03,805.03,671.53,393.83,643.03,2301.33,10323.01,731.10,233.21,243.82,1559.39,5085.75,4439.42,5546.56,6423.46,25
5170.00,3617.72,994.41,628.03,805.03,671.53,396.21,645.27,2299.77,10318.37,730.52,233.21,243.82,1558.45,5081.13,4439.42,5540.22,6422.75,25
5159.80,3613.83,993.53,627.18,803.23,669.25,395.73,645.27,2299.38,10309.87,730.52,233.21,243.82,1559.39,5085.75,4439.42,5546.56,6422.75,25
5162.06,3609.93,993.53,627.18,803.23,669.25,395.26,645.72,2299.38,10297.12,731.10,233.21,243.82,1557.51,5084.82,4434.70,5544.97,6415.70,25
6614.92,3921.64,967.78,640.80,901.49,819.49,1611.50,2121.40,2483.42,11223.07,991.34,397.11,249.40,1570.63,5125.48,4470.56,5609.99,6454.48,25
5121.27,3623.57,990.86,624.63,801.43,664.70,480.50,805.24,2451.31,10468.32,896.81,236.96,243.82,1557.51,5080.20,4439.42,5537.84,6422.75,25
5141.67,3602.14,990.86,625.48,799.62,665.84,375.73,626.85,2288.41,10293.25,729.94,232.27,243.82,1559.39,5085.75,4440.36,5544.97,6423.46,25
4998.87,3641.10,1009.51,633.14,806.84,677.22,1284.34,1859.43,2569.57,11193.70,907.32,395.24,244.75,1561.26,5091.29,4434.70,5552.11,6414.29,25
7135.10,4455.43,1104.51,753.98,1059.25,833.15,1095.28,1877.85,3281.07,11566.62,945.83,430.83,246.61,1563.14,5102.38,4458.30,5569.55,6438.97,25
7019.50,3971.31,1054.79,696.11,951.07,804.69,1556.26,2058.04,2393.36,10464.84,910.82,367.14,248.47,1569.70,5109.77,4493.21,5581.45,6470.70,25
5829.56,3627.47,1001.52,629.73,889.77,668.11,1115.29,1666.21,2400.80,11240.84,941.16,339.98,244.75,1559.39,5104.23,4438.48,5571.93,6420.64,25
5151.87,4007.36,1110.72,700.37,909.61,668.11,379.06,634.49,2307.21,10301.75,738.69,232.27,244.75,1559.39,5085.75,4439.42,5545.77,6422.05,25
5813.70,4107.69,1010.39,655.26,949.27,702.26,462.88,777.83,2404.32,10595.85,751.53,265.99,243.82,1557.51,5080.20,4441.31,5538.63,6423.46,25
5187.00,3681.04,995.30,633.99,859.12,670.39,530.50,852.87,2481.46,10472.18,911.40,246.32,243.82,1560.32,5106.07,4441.31,5575.10,6423.46,25
7994.12,4545.05,1124.04,772.70,1081.79,855.91,994.33,1781.69,3281.47,11612.61,928.32,426.15,246.61,1564.07,5101.45,4456.41,5567.17,6435.44,25
5177.93,3600.19,991.75,626.33,805.03,668.11,382.87,639.88,2299.77,10319.53,737.52,233.21,243.82,1559.39,5084.82,4439.42,5543.39,6420.64,25
5192.66,3603.11,992.64,628.03,805.93,670.39,385.25,642.13,2304.07,10336.92,740.44,233.21,243.82,1558.45,5081.13,4439.42,5538.63,6420.64,25
5505.45,3615.78,1007.73,640.80,809.54,680.63,393.35,666.84,2410.19,10372.86,763.78,240.70,243.82,1560.32,5087.59,4441.31,5546.56,6422.75,25
5027.21,3630.39,1003.29,633.14,813.15,712.50,902.90,1264.48,2461.49,9911.82,834.96,343.73,244.75,1561.26,5091.29,4481.89,5551.32,6415.70,25
5682.24,3616.75,999.74,630.58,806.84,751.20,966.71,1360.65,2405.10,10036.26,839.05,344.66,244.75,1560.32,5090.37,4477.17,5552.90,6460.12,25
5239.13,3606.04,994.41,629.73,811.34,672.67,394.78,657.41,2319.35,10370.54,748.03,234.15,243.82,1560.32,5086.67,4441.31,5545.77,6423.46,25
6236.41,3819.36,1004.18,633.99,965.50,676.08,759.08,1218.20,2379.26,10925.49,889.23,303.45,243.82,1559.39,5094.98,4438.48,5558.45,6418.52,25
5249.33,3607.01,995.30,629.73,812.24,673.80,398.11,662.35,2321.30,10374.41,748.61,234.15,243.82,1559.39,5086.67,4441.31,5545.77,6422.75,25
8603.82,4047.29,1207.50,725.04,885.27,786.48,1305.29,2259.35,3725.91,11185.58,1047.35,498.26,247.54,1567.82,5119.01,4484.72,5591.76,6465.06,25
5545.11,3741.43,1019.27,641.65,932.14,679.49,451.45,773.79,2349.89,10466.00,794.70,244.45,243.82,1559.39,5091.29,4441.31,5552.90,6422.05,25
5236.86,3608.96,995.30,630.58,812.24,672.67,399.06,661.45,2319.35,10377.50,748.03,234.15,243.82,1558.45,5085.75,4435.65,5544.97,6415.00,25

3473.49,3378.10,918.94,567.61,658.09,565.68,305.25,412.06,1805.59,9646.71,591.65,196.68,243.82,1560.32,5088.52,4439.42,5542.59,6424.16,50
3404.36,3362.52,914.51,564.21,652.68,559.99,302.87,405.77,1784.44,9624.30,587.57,195.75,242.89,1559.39,5083.90,4439.42,5536.25,6424.87,50
3373.76,3350.83,911.84,562.50,649.07,556.57,300.97,403.07,1773.48,9615.02,585.82,194.81,243.82,1560.32,5088.52,4439.42,5542.59,6424.16,50
4759.75,3456.03,951.80,581.23,773.48,659.01,792.89,1325.15,2572.70,10341.95,805.21,424.27,246.61,1565.95,5108.85,4463.96,5571.93,6436.85,50
5007.94,3402.45,904.74,568.46,807.74,750.06,1165.29,1527.36,2019.00,9069.35,865.31,272.55,248.47,1568.76,5116.24,4465.85,5587.00,6450.96,50
3342.03,3363.49,912.73,560.80,652.68,552.02,588.60,897.81,1887.04,10054.42,843.13,242.57,243.82,1561.26,5107.00,4440.36,5567.97,6426.28,50
4660.02,3039.12,901.19,560.80,771.68,544.05,1150.05,1573.19,2040.93,9720.14,818.04,319.37,246.61,1565.95,5112.54,4458.30,5577.48,6444.61,50
3470.09,3375.18,923.38,566.76,649.98,561.12,699.55,991.73,1695.16,9363.83,765.53,255.69,243.82,1562.20,5094.06,4446.03,5547.35,6431.92,50
3365.82,3348.88,910.07,561.65,647.27,555.43,292.87,395.88,1762.91,9598.41,584.65,194.81,242.89,1559.39,5085.75,4439.42,5537.04,6424.87,50
3366.96,3350.83,910.95,561.65,648.17,556.57,293.35,396.78,1765.65,9607.29,585.82,194.81,243.82,1560.32,5089.44,4439.42,5541.80,6424.16,50
3374.89,3350.83,910.95,561.65,648.17,556.57,293.82,397.23,1769.56,9591.83,586.40,194.81,242.89,1559.39,5089.44,4433.76,5541.80,6416.41,50
3372.62,3357.65,912.73,563.36,652.68,557.71,294.77,401.27,1775.05,9606.52,589.90,194.81,243.82,1560.32,5088.52,4439.42,5541.01,6424.87,50
4893.48,3276.80,955.35,588.03,763.56,627.14,754.32,1407.38,2042.11,10666.57,746.28,428.02,246.61,1565.95,5107.00,4462.07,5571.14,6446.02,50
5462.38,3450.18,939.37,642.50,830.27,718.19,1145.76,1563.30,2114.94,9592.61,938.82,313.76,247.54,1569.70,5121.78,4472.45,5589.38,6458.01,50
3599.28,3408.30,937.59,574.42,663.50,528.12,774.32,1027.67,1710.04,9713.57,782.45,215.41,244.75,1563.14,5099.60,4454.52,5555.28,6418.52,50
3387.36,3332.32,906.51,558.25,644.57,556.57,293.35,398.13,1768.00,9601.50,586.40,195.75,242.89,1559.39,5084.82,4439.42,5535.46,6422.75,50
3393.02,3350.83,910.95,561.65,649.98,555.43,293.82,399.03,1770.74,9604.97,587.57,195.75,243.82,1560.32,5089.44,4439.42,5541.80,6423.46,50
3393.02,3350.83,910.95,561.65,649.98,555.43,293.35,398.58,1771.52,9599.18,587.57,195.75,243.82,1560.32,5090.37,4435.65,5542.59,6417.82,50
3466.69,3351.80,911.84,562.50,650.88,559.99,294.77,401.27,1777.00,9714.73,588.73,254.75,243.82,1561.26,5090.37,4445.08,5543.39,6429.80,50
3406.62,3351.80,911.84,562.50,650.88,556.57,293.82,400.37,1773.87,9612.70,588.15,195.75,243.82,1559.39,5085.75,4439.42,5536.25,6424.16,50
5742.30,3615.78,983.76,605.05,817.65,583.89,665.74,1089.68,3058.26,10081.47,830.88,360.58,245.68,1565.01,5107.92,4454.52,5567.17,6438.26,50
3533.55,3572.92,916.28,593.99,827.57,574.78,299.54,408.46,1812.25,10440.49,593.40,341.85,245.68,1564.07,5096.83,4449.80,5552.11,6431.92,50
3468.95,3361.54,914.51,564.21,653.58,561.12,330.97,476.77,1906.62,10408.42,600.40,277.23,243.82,1561.26,5090.37,4442.25,5542.59,6426.28,50
3437.22,3356.67,913.62,564.21,653.58,559.99,294.30,402.17,1784.44,9632.03,591.07,196.68,243.82,1561.26,5091.29,4441.31,5536.25,6424.87,50
3442.89,3359.59,912.73,563.36,654.48,559.99,294.30,403.07,1788.36,9627.00,592.82,196.68,243.82,1560.32,5089.44,4435.65,5541.80,6417.11,50
5896.43,3522.26,940.25,582.08,774.38,662.42,844.80,1332.34,2622.43,10038.19,773.12,384.00,247.54,1567.82,5113.47,4469.62,5579.07,6436.15,50
3476.89,3365.44,914.51,565.06,657.19,562.26,294.77,404.87,1796.19,9646.33,594.57,197.62,243.82,1559.39,5083.90,4439.42,5533.87,6422.05,50
3476.89,3364.46,915.39,565.06,657.19,561.12,294.77,405.77,1797.37,9644.39,594.57,197.62,243.82,1561.26,5090.37,4440.36,5542.59,6423.46,50
3480.29,3365.44,915.39,565.06,658.09,561.12,294.77,405.77,1798.54,9626.23,595.15,197.62,243.82,1559.39,5088.52,4434.70,5540.22,6415.70,50
3507.48,3370.31,917.17,565.91,659.89,563.40,295.25,407.56,1805.98,9648.64,596.90,198.56,243.82,1561.26,5089.44,4439.42,5541.80,6422.75,50
3513.15,3372.26,917.17,566.76,660.79,564.54,295.73,408.46,1807.94,9645.94,597.49,198.56,243.82,1560.32,5084.82,4439.42,5536.25,6422.05,50
3499.55,3368.36,916.28,565.91,658.09,562.26,295.25,407.56,1804.81,9647.49,594.57,198.56,243.82,1561.26,5089.44,4440.36,5541.80,6422.75,50
3972.13,3555.38,939.37,590.59,724.80,588.44,477.64,731.10,1948.91,9641.30,699.60,231.34,243.82,1560.32,5095.91,4438.48,5551.32,6418.52,50
3585.68,3379.08,919.83,568.46,663.50,567.95,297.16,412.51,1823.60,10059.06,599.82,250.07,243.82,1561.26,5089.44,4441.31,5541.01,6424.87,50
3553.95,3376.15,918.94,568.46,664.40,567.95,296.68,411.61,1822.43,9669.90,601.57,199.49,243.82,1561.26,5088.52,4439.42,5533.87,6422.75,50
3515.42,3373.23,916.28,565.91,663.50,564.54,295.73,408.01,1816.95,9636.66,600.99,198.56,243.82,1560.32,5089.44,4434.70,5541.01,6415.70,50
3249.10,3334.27,905.63,557.40,640.06,549.74,293.35,389.59,1726.88,9581.01,579.98,193.87,243.82,1561.26,5088.52,4439.42,5541.01,6412.88,50

2136.22,3031.33,826.61,503.79,535.49,458.69,277.63,322.19,1339.21,9081.71,493.04,159.22,242.89,1562.20,5090.37,4440.36,5544.18,6426.28,75
2136.22,3027.43,823.94,501.23,531.88,458.69,277.63,321.74,1312.59,9085.19,484.29,160.16,242.89,1561.26,5090.37,4434.70,5543.39,6419.23,75
2137.36,3022.56,824.83,502.08,532.78,457.55,277.15,322.19,1312.19,8965.39,487.79,159.22,242.89,1562.20,5091.29,4439.42,5544.18,6426.28,75
2140.76,3026.46,823.94,501.23,533.68,458.69,277.63,322.19,1314.54,9039.59,488.96,160.16,242.89,1562.20,5091.29,4439.42,5537.04,6426.28,75
3960.79,3162.83,841.70,533.57,564.33,544.05,291.44,347.35,2221.84,9020.65,605.07,171.39,243.82,1563.14,5094.98,4443.20,5548.94,6426.28,75
3660.48,3054.71,835.48,507.19,540.90,533.81,315.25,442.16,1423.40,9086.35,540.89,161.09,242.89,1562.20,5091.29,4439.42,5544.18,6426.98,75
2149.82,3038.15,826.61,502.94,535.49,459.83,275.25,319.94,1314.15,9082.87,491.88,160.16,242.89,1561.26,5086.67,4438.48,5537.84,6426.28,75
2157.75,3039.12,826.61,503.79,536.39,459.83,275.73,320.84,1319.63,9089.83,493.04,160.16,242.89,1562.20,5091.29,4438.48,5543.39,6425.57,75
2164.55,3040.10,827.49,504.64,537.29,460.96,275.25,320.84,1324.73,9084.80,494.21,161.09,242.89,1561.26,5091.29,4435.65,5542.59,6419.93,75
2177.02,3045.94,828.38,504.64,537.29,460.96,275.25,321.74,1329.82,9090.22,495.38,161.09,242.89,1562.20,5092.21,4440.36,5544.18,6426.98,75
2184.95,3045.94,829.27,505.49,538.19,463.24,275.25,321.74,1330.99,9091.37,494.79,162.03,242.89,1561.26,5086.67,4440.36,5537.84,6426.28,75
2201.95,3051.79,830.16,506.34,539.99,463.24,275.73,322.64,1338.43,9103.36,497.13,162.03,242.89,1562.20,5091.29,4438.48,5543.39,6424.87,75
4059.39,3302.12,861.23,540.38,577.86,592.99,527.17,844.34,2068.73,9819.84,627.83,270.67,243.82,1563.14,5097.76,4442.25,5552.90,6425.57,75
2390.08,3070.29,835.48,508.89,544.50,471.21,372.87,509.57,1585.91,9308.95,521.63,230.40,242.89,1562.20,5092.21,4445.08,5544.18,6430.51,75
2234.82,3062.50,831.93,507.19,544.50,466.65,275.73,324.43,1352.14,9118.81,500.63,163.90,242.89,1562.20,5092.21,4440.36,5536.25,6426.28,75
2245.02,3065.42,832.82,508.04,545.40,467.79,275.73,324.43,1356.05,9117.27,501.21,163.90,242.89,1561.26,5091.29,4435.65,5543.39,6419.23,75
2254.08,3066.40,833.71,508.89,545.40,467.79,275.25,325.33,1359.18,9128.09,502.38,163.90,242.89,1562.20,5091.29,4440.36,5542.59,6415.70,75
2268.82,3074.19,834.60,509.74,547.21,470.07,275.73,325.78,1363.88,9136.98,502.96,164.84,242.89,1561.26,5086.67,4440.36,5536.25,6425.57,75
2281.28,3078.09,836.37,510.59,549.01,471.21,276.20,326.68,1370.15,9139.68,504.71,164.84,242.89,1562.20,5091.29,4440.36,5542.59,6425.57,75
2294.88,3082.96,837.26,511.45,550.81,471.21,276.20,326.68,1376.02,9136.20,506.46,165.78,242.89,1561.26,5091.29,4433.76,5543.39,6417.82,75
2309.61,3084.90,838.15,511.45,550.81,474.62,276.68,328.03,1381.50,9100.65,507.05,165.78,242.89,1562.20,5090.37,4440.36,5541.01,6424.87,75
2320.95,3089.77,839.92,513.15,553.52,475.76,276.68,328.48,1385.03,9161.32,508.80,166.71,242.89,1561.26,5085.75,4439.42,5537.04,6424.87,75
2344.74,3092.70,840.81,514.00,555.32,476.90,277.15,329.83,1392.47,9161.32,509.96,166.71,242.89,1562.20,5089.44,4438.48,5541.80,6422.05,75
2359.48,3101.46,842.59,514.85,558.02,478.04,276.68,330.72,1401.48,9179.49,512.30,167.65,242.89,1560.32,5088.52,4432.81,5540.22,6415.00,75
2371.94,3106.33,844.36,516.55,558.93,478.04,277.63,331.17,1406.17,9165.19,512.88,167.65,242.89,1561.26,5087.59,4438.48,5539.42,6420.64,75
2378.74,3106.33,844.36,515.70,559.83,480.31,277.63,331.62,1408.13,9182.96,513.47,167.65,242.89,1561.26,5087.59,4438.48,5532.29,6419.23,75
2373.08,3103.41,842.59,515.70,558.02,479.17,277.15,330.72,1404.22,9184.12,512.88,167.65,242.89,1560.32,5086.67,4433.76,5537.84,6412.88,75
2330.01,3088.80,839.92,514.00,553.52,475.76,276.68,328.93,1385.42,9187.99,507.05,166.71,242.89,1561.26,5085.75,4437.53,5538.63,6418.52,75

1541.25,2796.58,768.01,465.49,468.78,399.50,265.73,291.18,1042.00,8764.43,434.70,135.80,242.89,1560.32,5086.67,4440.36,5536.25,6423.46,100
1531.05,2790.73,767.12,464.64,467.87,398.36,265.73,291.18,1037.69,8735.45,434.11,135.80,242.89,1561.26,5090.37,4440.36,5541.01,6422.05,100
1520.85,2780.99,764.46,463.79,466.07,396.09,265.73,290.73,1034.95,8722.31,432.94,134.87,242.89,1560.32,5091.29,4436.59,5541.80,6416.41,100
1512.92,2774.17,762.68,462.09,464.27,394.95,265.25,290.28,1026.73,8723.08,432.36,134.87,242.89,1562.20,5091.29,4440.36,5541.01,6422.75,100
1506.12,2771.25,761.79,461.24,463.37,393.81,264.77,289.83,1023.60,8719.22,431.19,134.87,242.89,1560.32,5085.75,4441.31,5534.66,6422.75,100
1504.99,2769.30,761.79,461.24,463.37,393.81,264.77,289.83,1020.47,8718.45,429.44,134.87,242.89,1562.20,5091.29,4440.36,5541.01,6424.16,100
1503.85,2768.33,761.79,461.24,462.47,391.53,264.77,289.38,1018.90,8702.60,425.94,134.87,242.89,1562.20,5091.29,4441.31,5541.01,6415.70,100
1497.06,2767.35,758.24,459.53,460.66,391.53,264.30,288.93,1014.20,8682.50,427.11,133.93,242.89,1560.32,5085.75,4439.42,5535.46,6422.05,100
1493.66,2749.82,759.13,459.53,457.96,391.53,264.77,288.93,1012.24,8601.35,428.28,133.93,242.89,1562.20,5091.29,4441.31,5541.80,6423.46,100
1497.06,2757.61,758.24,458.68,460.66,388.12,264.30,288.93,1014.98,8694.10,430.61,133.93,242.89,1560.32,5091.29,4436.59,5541.01,6416.41,100
1490.26,2760.54,759.13,459.53,460.66,388.12,264.77,288.93,1014.98,8703.76,430.61,133.93,242.89,1562.20,5091.29,4440.36,5540.22,6422.05,100
1490.26,2759.56,757.35,457.83,460.66,390.40,264.30,288.93,1009.50,8669.37,426.53,133.93,242.89,1560.32,5085.75,4440.36,5533.87,6421.34,100
1487.99,2758.59,758.24,458.68,460.66,390.40,264.30,288.49,1009.11,8697.58,429.44,133.93,242.89,1561.26,5089.44,4440.36,5539.42,6420.64,100
1490.26,2766.38,760.02,460.39,461.56,391.53,264.30,288.93,1009.89,8699.90,429.44,133.93,242.89,1560.32,5092.21,4435.65,5541.01,6414.29,100
1491.39,2763.46,759.13,460.39,461.56,391.53,264.30,288.49,1009.11,8715.74,429.44,133.93,242.89,1562.20,5090.37,4440.36,5540.22,6422.05,100
1491.39,2757.61,760.02,460.39,459.76,391.53,264.30,288.49,1008.72,8696.80,429.44,133.93,242.89,1562.20,5090.37,4441.31,5536.25,6424.16,100
1898.23,2796.58,759.13,460.39,466.07,391.53,288.11,334.77,1567.51,8788.78,544.97,138.61,242.89,1560.32,5092.21,4435.65,5542.59,6415.00,100
1483.46,2761.51,758.24,459.53,460.66,391.53,262.87,287.14,1005.19,8706.08,429.44,133.93,242.89,1561.26,5089.44,4439.42,5538.63,6412.18,100
1506.12,2770.28,759.13,460.39,461.56,391.53,262.39,287.59,1027.12,8704.92,428.86,133.93,242.89,1560.32,5085.75,4440.36,5534.66,6420.64,100
1482.32,2761.51,758.24,459.53,460.66,390.40,262.87,287.14,1005.98,8696.80,429.44,133.93,242.89,1561.26,5089.44,4439.42,5538.63,6419.93,100
1482.32,2763.46,758.24,458.68,459.76,391.53,262.39,286.69,1006.37,8675.93,429.44,133.93,242.89,1561.26,5091.29,4436.59,5541.01,6417.82,100
1483.46,2757.61,757.35,458.68,459.76,391.53,262.87,287.14,1005.19,8716.51,429.44,133.93,242.89,1561.26,5091.29,4440.36,5539.42,6420.64,100
1481.19,2761.51,758.24,459.53,460.66,390.40,262.39,286.69,1002.84,8689.85,428.86,133.93,242.89,1560.32,5085.75,4440.36,5533.87,6421.34,100
1477.79,2759.56,757.35,458.68,460.66,389.26,262.39,286.69,1004.41,8701.44,429.44,133.93,242.89,1562.20,5091.29,4441.31,5540.22,6421.34,100
1480.06,2759.56,758.24,459.53,460.66,390.40,262.39,286.69,1004.41,8707.24,429.44,133.93,242.89,1561.26,5091.29,4436.59,5540.22,6417.11,100
1478.92,2758.59,757.35,459.53,459.76,390.40,262.39,286.69,1002.45,8670.91,428.28,133.93,242.89,1562.20,5091.29,4441.31,5540.22,6422.05,100
1478.92,2760.54,758.24,459.53,460.66,390.40,262.39,286.69,1002.84,8690.23,428.86,133.93,242.89,1562.20,5090.37,4440.36,5533.08,6420.64,100
1475.52,2758.59,757.35,458.68,460.66,389.26,262.39,286.24,1002.45,8693.33,429.44,132.99,242.89,1560.32,5091.29,4436.59,5538.63,6415.00,100
1476.66,2759.56,758.24,459.53,460.66,390.40,262.39,286.69,1001.67,8698.74,428.86,133.93,242.89,1561.26,5090.37,4439.42,5538.63,6412.88,100
1477.79,2759.56,757.35,458.68,459.76,390.40,262.39,286.24,1000.89,8698.35,428.86,133.93,242.89,1560.32,5086.67,4439.42,5533.08,6419.23,100
1473.26,2753.72,756.46,458.68,459.76,389.26,262.39,286.69,1000.10,8699.12,428.86,132.99,242.89,1561.26,5090.37,4440.36,5539.42,6419.93,100
1474.39,2759.56,758.24,459.53,460.66,389.26,262.39,286.69,1000.10,8689.85,428.86,132.99,242.89,1560.32,5090.37,4435.65,5539.42,6412.88,100
1473.26,2758.59,757.35,459.53,460.66,390.40,262.39,286.69,999.32,8701.83,428.28,132.99,242.89,1561.26,5090.37,4441.31,5538.63,6420.64,100
1475.52,2761.51,758.24,459.53,460.66,390.40,262.39,286.69,999.32,8704.92,428.28,133.93,242.89,1560.32,5085.75,4441.31,5533.08,6420.64,100
1474.39,2763.46,758.24,459.53,460.66,390.40,262.39,286.69,1001.67,8706.08,428.86,133.93,242.89,1562.20,5091.29,4441.31,5539.42,6420.64,100
1474.39,2752.74,756.46,458.68,458.86,390.40,262.39,286.24,998.93,8694.48,427.69,132.99,242.89,1560.32,5090.37,4435.65,5538.63,6413.59,100
1994.56,2864.76,779.55,475.70,506.64,433.65,279.06,338.81,1089.78,8842.50,466.79,156.41,242.89,1562.20,5091.29,4441.31,5538.63,6420.64,100
