Time,Grams,Blood Accumulated,Water Accumulated,Delta,Delta of Delta
1.5572e+09,0.1,0.09434,0.1003,0,0
1.5572e+09,0,0.09434,0.1003,0,0
1.5572e+09,-0.3,0.09434,0.1003,0,0
1.5572e+09,-0.1,0.09434,0.1003,0,0
1.5572e+09,-0.1,0.09434,0.1003,0,0
1.5572e+09,-0.2,0.09434,0.1003,0,0
1.5572e+09,-0.2,0.09434,0.1003,0,0
1.5572e+09,-0.2,0.09434,0.1003,0,0
1.5572e+09,-0.1,0.09434,0.1003,0,0
1.5572e+09,0.3,0.28302,0.3009,0.18868,0.18868
1.5572e+09,-0.6,0.28302,0.3009,0,-0.18868
1.5572e+09,-0.2,0.28302,0.3009,0,0
1.5572e+09,-0.1,0.28302,0.3009,0,0
1.5572e+09,-0.8,0.28302,0.3009,0,0
1.5572e+09,-0.8,0.28302,0.3009,0,0
1.5572e+09,-0.1,0.28302,0.3009,0,0
1.5572e+09,-0.1,0.28302,0.3009,0,0
1.5572e+09,0.3,0.28302,0.3009,0,0
1.5572e+09,1,0.9434,1.003,0.66038,0.66038
1.5572e+09,1.3,1.2264,1.3039,0.28302,-0.37736
1.5572e+09,0.6,1.2264,1.3039,0,-0.28302
1.5572e+09,1.1,1.5094,1.6048,0.28302,0.28302
1.5572e+09,1.3,1.5094,1.6048,0,-0.28302
1.5572e+09,2.7,2.5472,2.7081,1.0377,1.0377
1.5572e+09,5.6,5.283,5.6169,2.7358,1.6981
1.5572e+09,6.9,6.5094,6.9208,1.2264,-1.5094
1.5572e+09,7.8,7.3585,7.8235,0.84906,-0.37736
1.5572e+09,8.5,8.0189,8.5256,0.66038,-0.18868
1.5572e+09,9.2,8.6792,9.2277,0.66038,-2.6645e-15
1.5572e+09,10.2,9.6226,10.231,0.9434,0.28302
1.5572e+09,10.1,10.755,11.434,1.1321,0.18868
1.5572e+09,11.5,10.849,11.535,0.09434,-1.0377
1.5572e+09,11.6,10.943,11.635,0.09434,0
1.5572e+09,11.4,10.943,11.635,0,-0.09434
1.5572e+09,11.6,10.943,11.635,0,0
1.5572e+09,12.1,11.415,12.136,0.4717,0.4717
1.5572e+09,11.7,11.415,12.136,0,-0.4717
1.5572e+09,11.9,11.415,12.136,0,0
1.5572e+09,11.9,11.415,12.136,0,0
1.5572e+09,12.4,11.698,12.437,0.28302,0.28302
1.5572e+09,12.3,11.887,12.638,0.18868,-0.09434
1.5572e+09,12.6,11.887,12.638,0,-0.18868
1.5572e+09,12,11.887,12.638,0,0
1.5572e+09,12.3,11.887,12.638,0,0
1.5572e+09,11.6,11.887,12.638,0,0
1.5572e+09,12.2,11.887,12.638,0,0
1.5572e+09,12.4,11.887,12.638,0,0
1.5572e+09,12.7,11.981,12.738,0.09434,0.09434
1.5572e+09,13.1,12.358,13.139,0.37736,0.28302
1.5572e+09,13,12.358,13.139,0,-0.37736
1.5572e+09,12.8,12.358,13.139,0,0
1.5572e+09,13.6,12.83,13.641,0.4717,0.4717
1.5572e+09,13.4,12.83,13.641,0,-0.4717
1.5572e+09,13.3,12.83,13.641,0,0
1.5572e+09,12.9,12.83,13.641,0,0
1.5572e+09,13.3,12.83,13.641,0,0
1.5572e+09,13.2,12.83,13.641,0,0
1.5572e+09,13.1,12.83,13.641,0,0
1.5572e+09,13.9,13.113,13.942,0.28302,0.28302
1.5572e+09,14,13.208,14.042,0.09434,-0.18868
1.5572e+09,14.3,13.491,14.343,0.28302,0.18868
1.5572e+09,14.5,13.679,14.544,0.18868,-0.09434
1.5572e+09,14.7,13.868,14.744,0.18868,0
1.5572e+09,14.8,13.962,14.845,0.09434,-0.09434
1.5572e+09,14.8,13.962,14.845,0,-0.09434
1.5572e+09,14.7,14.057,14.945,0.09434,0.09434
1.5572e+09,14.8,14.057,14.945,0,-0.09434
1.5572e+09,13.5,14.057,14.945,0,0
1.5572e+09,13.9,14.057,14.945,0,0
1.5572e+09,11.6,14.057,14.945,0,0
1.5572e+09,12.9,14.057,14.945,0,0
1.5572e+09,13,14.057,14.945,0,0
1.5572e+09,12.8,14.057,14.945,0,0
1.5572e+09,12.8,14.057,14.945,0,0
1.5572e+09,14.1,14.057,14.945,0,0
1.5572e+09,14.8,14.057,14.945,0,0
1.5572e+09,14.7,14.057,14.945,0,0
1.5572e+09,16.8,15.849,16.851,1.7925,1.7925
1.5572e+09,18,16.981,18.054,1.1321,-0.66038
1.5572e+09,18.9,17.83,18.957,0.84906,-0.28302
1.5572e+09,19.8,18.679,19.86,0.84906,3.5527e-15
1.5572e+09,20.5,19.34,20.562,0.66038,-0.18868
1.5572e+09,23,21.698,23.069,2.3585,1.6981
1.5572e+09,33.1,31.226,33.2,9.5283,7.1698
1.5572e+09,36.3,34.245,36.409,3.0189,-6.5094
1.5572e+09,38.6,36.415,38.716,2.1698,-0.84906
1.5572e+09,40.1,37.83,40.221,1.4151,-0.75472
1.5572e+09,40.5,38.208,40.622,0.37736,-1.0377
1.5572e+09,41.5,39.151,41.625,0.9434,0.56604
1.5572e+09,42.1,39.717,42.227,0.56604,-0.37736
1.5572e+09,42.8,40.377,42.929,0.66038,0.09434
1.5572e+09,42.4,40.566,43.129,0.18868,-0.4717
1.5572e+09,46.2,43.585,46.339,3.0189,2.8302
1.5572e+09,46.6,43.962,46.74,0.37736,-2.6415
1.5572e+09,51.7,48.774,51.856,4.8113,4.434
1.5572e+09,55.4,52.264,55.567,3.4906,-1.3208
1.5572e+09,55.4,52.264,55.567,0,-3.4906
1.5572e+09,56,52.83,56.169,0.56604,0.56604
1.5572e+09,59,55.66,59.178,2.8302,2.2642
1.5572e+09,65.3,61.604,65.496,5.9434,3.1132
1.5572e+09,67.7,63.868,67.904,2.2642,-3.6792
1.5572e+09,68.9,65,69.107,1.1321,-1.1321
1.5572e+09,70.1,66.132,70.311,1.1321,-1.4211e-14
1.5572e+09,70.6,66.698,70.913,0.56604,-0.56604
1.5572e+09,70.7,67.358,71.615,0.66038,0.09434
1.5572e+09,74.5,70.283,74.724,2.9245,2.2642
1.5572e+09,73,70.283,74.724,0,-2.9245
1.5572e+09,78.2,73.774,78.435,3.4906,3.4906
1.5572e+09,79.7,75.189,79.94,1.4151,-2.0755
1.5572e+09,81.1,76.698,81.545,1.5094,0.09434
1.5572e+09,82.6,77.925,82.849,1.2264,-0.28302
1.5572e+09,83,78.302,83.25,0.37736,-0.84906
1.5572e+09,83.6,78.868,83.852,0.56604,0.18868
1.5572e+09,83.8,79.057,84.052,0.18868,-0.37736
1.5572e+09,82.4,79.623,84.654,0.56604,0.37736
1.5572e+09,88.8,83.774,89.067,4.1509,3.5849
1.5572e+09,89.3,84.245,89.569,0.4717,-3.6792
1.5572e+09,96.2,90.755,96.489,6.5094,6.0377
1.5572e+09,94.2,90.755,96.489,0,-6.5094
1.5572e+09,100.8,95.094,101.1,4.3396,4.3396
1.5572e+09,104.5,98.585,104.81,3.4906,-0.84906
1.5572e+09,102.7,98.585,104.81,0,-3.4906
1.5572e+09,105.9,99.906,106.22,1.3208,1.3208
1.5572e+09,106.3,100.28,106.62,0.37736,-0.9434
1.5572e+09,107.1,101.04,107.42,0.75472,0.37736
1.5572e+09,108.3,102.17,108.63,1.1321,0.37736
1.5572e+09,108.6,102.45,108.93,0.28302,-0.84906
1.5572e+09,107.3,102.45,108.93,0,-0.28302
1.5572e+09,110,103.77,110.33,1.3208,1.3208
1.5572e+09,109.4,103.77,110.33,0,-1.3208
1.5572e+09,109,103.77,110.33,0,0
1.5572e+09,109,103.77,110.33,0,0
1.5572e+09,109.6,103.77,110.33,0,0
1.5572e+09,110,103.96,110.53,0.18868,0.18868
1.5572e+09,110.1,103.96,110.53,0,-0.18868
1.5572e+09,110.7,104.43,111.03,0.4717,0.4717
1.5572e+09,110.4,104.62,111.23,0.18868,-0.28302
1.5572e+09,110.4,104.62,111.23,0,-0.18868
1.5572e+09,110.2,104.62,111.23,0,0
1.5572e+09,110,104.62,111.23,0,0
1.5572e+09,110.1,104.62,111.23,0,0
1.5572e+09,110.7,104.62,111.23,0,0
1.5572e+09,109.9,104.62,111.23,0,0
1.5572e+09,110.2,104.62,111.23,0,0
1.5572e+09,110.2,104.62,111.23,0,0
1.5572e+09,109.8,104.62,111.23,0,0
1.5572e+09,110.1,104.62,111.23,0,0
1.5572e+09,109.7,104.62,111.23,0,0
1.5572e+09,110,104.62,111.23,0,0
1.5572e+09,110.2,106.7,113.44,2.0755,2.0755
1.5572e+09,112.6,106.7,113.44,0,-2.0755
1.5572e+09,111.1,106.7,113.44,0,0
1.5572e+09,108.1,106.7,113.44,0,0
1.5572e+09,109,106.7,113.44,0,0
1.5572e+09,109.7,106.7,113.44,0,0
1.5572e+09,108.7,106.7,113.44,0,0
1.5572e+09,114.3,109.34,116.25,2.6415,2.6415
1.5572e+09,113.9,109.34,116.25,0,-2.6415
1.5572e+09,110.5,109.34,116.25,0,0
1.5572e+09,110.7,109.34,116.25,0,0
1.5572e+09,112,109.34,116.25,0,0
1.5572e+09,111.9,109.34,116.25,0,0
1.5572e+09,109.9,109.34,116.25,0,0
1.5572e+09,112.4,109.34,116.25,0,0
1.5572e+09,112.5,109.34,116.25,0,0
1.5572e+09,113.5,109.34,116.25,0,0
1.5572e+09,108.6,109.34,116.25,0,0
1.5572e+09,113.1,109.34,116.25,0,0
1.5572e+09,112.1,109.34,116.25,0,0
1.5572e+09,112.4,109.34,116.25,0,0
1.5572e+09,112.4,109.34,116.25,0,0
1.5572e+09,112.2,109.34,116.25,0,0
1.5572e+09,112.4,109.34,116.25,0,0
1.5572e+09,112.5,109.34,116.25,0,0
1.5572e+09,112.3,109.34,116.25,0,0
1.5572e+09,112.1,109.34,116.25,0,0
1.5572e+09,112.4,109.34,116.25,0,0
1.5572e+09,112.7,109.34,116.25,0,0
1.5572e+09,112.8,109.34,116.25,0,0
1.5572e+09,112.8,109.34,116.25,0,0
1.5572e+09,112.9,109.34,116.25,0,0
1.5572e+09,113.1,109.34,116.25,0,0
1.5572e+09,113.1,109.34,116.25,0,0
1.5572e+09,113.4,109.34,116.25,0,0
1.5572e+09,113.2,109.34,116.25,0,0
1.5572e+09,115.2,109.34,116.25,0,0
1.5572e+09,114.4,109.34,116.25,0,0
1.5572e+09,114.4,109.34,116.25,0,0
1.5572e+09,114,109.34,116.25,0,0
1.5572e+09,113.6,109.34,116.25,0,0
1.5572e+09,113.6,109.34,116.25,0,0
1.5572e+09,114.1,109.34,116.25,0,0
1.5572e+09,114.9,109.34,116.25,0,0
1.5572e+09,115.4,109.34,116.25,0,0
1.5572e+09,116.6,110,116.95,0.66038,0.66038
1.5572e+09,116.8,110.19,117.15,0.18868,-0.4717
1.5572e+09,116.9,110.66,117.65,0.4717,0.28302
1.5572e+09,117.3,110.85,117.85,0.18868,-0.28302
1.5572e+09,118,111.32,118.36,0.4717,0.28302
1.5572e+09,118,111.32,118.36,0,-0.4717
1.5572e+09,118.2,111.51,118.56,0.18868,0.18868
1.5572e+09,118.3,111.6,118.66,0.09434,-0.09434
1.5572e+09,118.9,112.17,119.26,0.56604,0.4717
1.5572e+09,118.8,112.36,119.46,0.18868,-0.37736
1.5572e+09,118.9,112.36,119.46,0,-0.18868
1.5572e+09,119,112.36,119.46,0,0
1.5572e+09,119.1,112.64,119.76,0.28302,0.28302
1.5572e+09,123.2,116.23,123.57,3.5849,3.3019
1.5572e+09,124,116.98,124.37,0.75472,-2.8302
1.5572e+09,122.6,116.98,124.37,0,-0.75472
1.5572e+09,123.1,116.98,124.37,0,0
1.5572e+09,122.8,116.98,124.37,0,0
1.5572e+09,121.9,116.98,124.37,0,0
1.5572e+09,122.2,116.98,124.37,0,0
1.5572e+09,122.3,116.98,124.37,0,0
1.5572e+09,123.6,116.98,124.37,0,0
1.5572e+09,122.6,116.98,124.37,0,0
1.5572e+09,123.2,116.98,124.37,0,0
1.5572e+09,123.2,116.98,124.37,0,0
1.5572e+09,125.2,118.11,125.58,1.1321,1.1321
1.5572e+09,125.6,118.49,125.98,0.37736,-0.75472
1.5572e+09,126.2,119.06,126.58,0.56604,0.18868
1.5572e+09,126.8,119.62,127.18,0.56604,-1.4211e-14
1.5572e+09,127.3,120.09,127.68,0.4717,-0.09434
1.5572e+09,128.1,120.85,128.49,0.75472,0.28302
1.5572e+09,129,121.7,129.39,0.84906,0.09434
1.5572e+09,129,124.25,132.1,2.5472,1.6981
1.5572e+09,130.1,124.25,132.1,0,-2.5472
1.5572e+09,129.4,124.25,132.1,0,0
1.5572e+09,129.7,124.25,132.1,0,0
1.5572e+09,129.8,124.25,132.1,0,0
1.5572e+09,130.2,124.25,132.1,0,0
1.5572e+09,131.6,124.25,132.1,0,0
1.5572e+09,130.9,124.25,132.1,0,0
1.5572e+09,130.5,124.25,132.1,0,0
1.5572e+09,131.1,124.25,132.1,0,0
1.5572e+09,130.9,124.25,132.1,0,0
1.5572e+09,131.6,124.25,132.1,0,0
1.5572e+09,130.7,124.25,132.1,0,0
1.5572e+09,131.5,124.25,132.1,0,0
1.5572e+09,131.1,124.25,132.1,0,0
1.5572e+09,131.2,124.25,132.1,0,0
1.5572e+09,130.8,124.25,132.1,0,0
1.5572e+09,130.7,124.25,132.1,0,0
1.5572e+09,130.8,124.25,132.1,0,0
1.5572e+09,131,124.25,132.1,0,0
1.5572e+09,131.4,124.25,132.1,0,0
1.5572e+09,132.3,124.81,132.7,0.56604,0.56604
1.5572e+09,132.3,125,132.9,0.18868,-0.37736
1.5572e+09,132.8,125.28,133.2,0.28302,0.09434
1.5572e+09,133,125.47,133.4,0.18868,-0.09434
1.5572e+09,133.1,125.75,133.7,0.28302,0.09434
1.5572e+09,133.3,125.85,133.8,0.09434,-0.18868
1.5572e+09,133.2,125.85,133.8,0,-0.09434
1.5572e+09,133.2,125.85,133.8,0,0
1.5572e+09,133.1,125.85,133.8,0,0
1.5572e+09,133.4,125.85,133.8,0,0
1.5572e+09,133.6,126.04,134,0.18868,0.18868
1.5572e+09,131.6,126.04,134,0,-0.18868
1.5572e+09,135.2,127.55,135.61,1.5094,1.5094
1.5572e+09,132.3,127.55,135.61,0,-1.5094
1.5572e+09,134.2,127.55,135.61,0,0
1.5572e+09,133.7,127.55,135.61,0,0
1.5572e+09,133.4,127.55,135.61,0,0
1.5572e+09,133.3,127.55,135.61,0,0
1.5572e+09,133.7,127.55,135.61,0,0
1.5572e+09,134.4,127.55,135.61,0,0
1.5572e+09,134.1,127.55,135.61,0,0
1.5572e+09,133.9,127.55,135.61,0,0
1.5572e+09,133.4,127.55,135.61,0,0
1.5572e+09,133.5,127.55,135.61,0,0
1.5572e+09,133.9,127.55,135.61,0,0
1.5572e+09,134.1,127.55,135.61,0,0
1.5572e+09,134.7,127.55,135.61,0,0
1.5572e+09,135.4,127.74,135.81,0.18868,0.18868
1.5572e+09,135.7,128.02,136.11,0.28302,0.09434
1.5572e+09,135.8,128.11,136.21,0.09434,-0.18868
1.5572e+09,135.3,128.11,136.21,0,-0.09434
1.5572e+09,135.7,128.11,136.21,0,0
1.5572e+09,135.7,129.62,137.81,1.5094,1.5094
1.5572e+09,136.2,129.62,137.81,0,-1.5094
1.5572e+09,136.3,129.62,137.81,0,0
1.5572e+09,136.1,129.62,137.81,0,0
1.5572e+09,138,130.28,138.52,0.66038,0.66038
1.5572e+09,136.6,130.28,138.52,0,-0.66038
1.5572e+09,137.2,130.28,138.52,0,0
1.5572e+09,137.5,130.28,138.52,0,0
1.5572e+09,134,130.28,138.52,0,0
1.5572e+09,134.2,130.28,138.52,0,0
1.5572e+09,134.7,130.28,138.52,0,0
1.5572e+09,135,130.28,138.52,0,0
1.5572e+09,136.1,130.28,138.52,0,0
1.5572e+09,136.7,130.28,138.52,0,0
1.5572e+09,137.2,130.28,138.52,0,0
1.5572e+09,138.4,130.57,138.82,0.28302,0.28302
1.5572e+09,137.9,130.57,138.82,0,-0.28302
1.5572e+09,138.6,130.75,139.02,0.18868,0.18868
1.5572e+09,137.9,130.75,139.02,0,-0.18868
1.5572e+09,137.9,130.75,139.02,0,0
1.5572e+09,138.3,130.75,139.02,0,0
1.5572e+09,139.8,131.89,140.22,1.1321,1.1321
1.5572e+09,139.4,131.89,140.22,0,-1.1321
1.5572e+09,140,132.08,140.42,0.18868,0.18868
1.5572e+09,140.4,132.45,140.82,0.37736,0.18868
1.5572e+09,142,133.96,142.43,1.5094,1.1321
1.5572e+09,143.6,135.47,144.03,1.5094,0
1.5572e+09,143.8,135.66,144.23,0.18868,-1.3208
1.5572e+09,144.7,136.51,145.14,0.84906,0.66038
1.5572e+09,145.1,136.89,145.54,0.37736,-0.4717
1.5572e+09,145.6,137.36,146.04,0.4717,0.09434
1.5572e+09,145.7,137.45,146.14,0.09434,-0.37736
1.5572e+09,146.3,138.11,146.84,0.66038,0.56604
1.5572e+09,146.5,138.21,146.94,0.09434,-0.56604
1.5572e+09,147.1,138.77,147.54,0.56604,0.4717
1.5572e+09,147.1,138.77,147.54,0,-0.56604
1.5572e+09,146.4,138.77,147.54,0,0
1.5572e+09,147,138.77,147.54,0,0
1.5572e+09,148,139.62,148.45,0.84906,0.84906
1.5572e+09,148.4,140,148.85,0.37736,-0.4717
1.5572e+09,148.5,140.09,148.95,0.09434,-0.28302
1.5572e+09,148.5,140.28,149.15,0.18868,0.09434
1.5572e+09,147.8,140.28,149.15,0,-0.18868
1.5572e+09,147.2,140.28,149.15,0,0
1.5572e+09,147.8,140.28,149.15,0,0
1.5572e+09,147.4,140.28,149.15,0,0
1.5572e+09,147.3,140.28,149.15,0,0
1.5572e+09,147.5,140.28,149.15,0,0
1.5572e+09,147.5,140.28,149.15,0,0
1.5572e+09,147.4,140.28,149.15,0,0
1.5572e+09,147.8,140.28,149.15,0,0
1.5572e+09,148.6,140.28,149.15,0,0
1.5572e+09,148.9,140.47,149.35,0.18868,0.18868
1.5572e+09,149,140.57,149.45,0.09434,-0.09434
1.5572e+09,149.2,140.75,149.65,0.18868,0.09434
1.5572e+09,148.6,140.85,149.75,0.09434,-0.09434
1.5572e+09,151.9,143.3,152.36,2.4528,2.3585
1.5572e+09,151.6,143.3,152.36,0,-2.4528
1.5572e+09,151.4,143.3,152.36,0,0
1.5572e+09,148.7,143.3,152.36,0,0
1.5572e+09,148.4,143.3,152.36,0,0
1.5572e+09,148.5,143.3,152.36,0,0
1.5572e+09,148.4,143.3,152.36,0,0
1.5572e+09,148.8,143.3,152.36,0,0
1.5572e+09,148,143.3,152.36,0,0
1.5572e+09,148.1,143.3,152.36,0,0
1.5572e+09,148.8,143.3,152.36,0,0
1.5572e+09,149.5,143.3,152.36,0,0
1.5572e+09,149.8,143.3,152.36,0,0
1.5572e+09,149.9,143.3,152.36,0,0
1.5572e+09,150.3,143.3,152.36,0,0
1.5572e+09,150.4,143.3,152.36,0,0
1.5572e+09,150.3,143.3,152.36,0,0
1.5572e+09,153.9,145.19,154.36,1.8868,1.8868
1.5572e+09,154,145.28,154.46,0.09434,-1.7925
1.5572e+09,153.9,145.28,154.46,0,-0.09434
1.5572e+09,153.9,145.38,154.56,0.09434,0.09434
1.5572e+09,154.1,145.75,154.96,0.37736,0.28302
1.5572e+09,154.5,145.75,154.96,0,-0.37736
1.5572e+09,154.2,145.75,154.96,0,0
1.5572e+09,151.2,145.75,154.96,0,0
1.5572e+09,153.3,145.75,154.96,0,0
1.5572e+09,153.3,145.75,154.96,0,0
1.5572e+09,153.4,145.75,154.96,0,0
1.5572e+09,153.6,145.75,154.96,0,0
1.5572e+09,154.1,145.75,154.96,0,0
1.5572e+09,154.1,145.75,154.96,0,0
1.5572e+09,154.7,145.94,155.17,0.18868,0.18868
1.5572e+09,154.7,145.94,155.17,0,-0.18868
1.5572e+09,154.8,146.04,155.27,0.09434,0.09434
1.5572e+09,155,146.32,155.57,0.28302,0.18868
1.5572e+09,154.8,146.32,155.57,0,-0.28302
1.5572e+09,154.7,146.32,155.57,0,0
1.5572e+09,154.9,146.32,155.57,0,0
1.5572e+09,154.8,146.32,155.57,0,0
1.5572e+09,154.9,146.32,155.57,0,0
1.5572e+09,155.1,146.32,155.57,0,0
1.5572e+09,154.6,146.32,155.57,0,0
1.5572e+09,155.5,146.7,155.97,0.37736,0.37736
1.5572e+09,155.3,146.7,155.97,0,-0.37736
1.5572e+09,154.9,146.7,155.97,0,0
1.5572e+09,155.1,146.7,155.97,0,0
1.5572e+09,155.2,146.7,155.97,0,0
1.5572e+09,155.4,146.7,155.97,0,0
1.5572e+09,155.9,147.08,156.37,0.37736,0.37736
1.5572e+09,155.7,147.17,156.47,0.09434,-0.28302
1.5572e+09,156.2,147.36,156.67,0.18868,0.09434
1.5572e+09,156.2,147.36,156.67,0,-0.18868
1.5572e+09,156.1,147.36,156.67,0,0
1.5572e+09,156.7,147.83,157.17,0.4717,0.4717
1.5572e+09,156.9,148.02,157.37,0.18868,-0.28302
1.5572e+09,157.1,148.21,157.57,0.18868,-5.6843e-14
1.5572e+09,157.3,148.4,157.77,0.18868,5.6843e-14
1.5572e+09,157.3,148.49,157.87,0.09434,-0.09434
1.5572e+09,157.2,148.49,157.87,0,-0.09434
1.5572e+09,157.2,148.49,157.87,0,0
1.5572e+09,157.3,148.49,157.87,0,0
1.5572e+09,157.3,148.49,157.87,0,0
1.5572e+09,157.7,148.77,158.17,0.28302,0.28302
1.5572e+09,157.5,148.77,158.17,0,-0.28302
1.5572e+09,157.2,148.77,158.17,0,0
1.5572e+09,157.3,148.77,158.17,0,0
1.5572e+09,157.2,148.77,158.17,0,0
1.5572e+09,158.2,149.34,158.78,0.56604,0.56604
1.5572e+09,158.1,149.34,158.78,0,-0.56604
1.5572e+09,158.2,149.34,158.78,0,0
1.5572e+09,158.1,149.34,158.78,0,0
1.5572e+09,158.2,149.34,158.78,0,0
1.5572e+09,158.2,149.34,158.78,0,0
1.5572e+09,158,149.34,158.78,0,0
1.5572e+09,158.1,149.34,158.78,0,0
1.5572e+09,158.2,149.34,158.78,0,0
1.5572e+09,159.6,150.57,160.08,1.2264,1.2264
1.5572e+09,160.1,151.13,160.68,0.56604,-0.66038
1.5572e+09,160.1,151.51,161.08,0.37736,-0.18868
1.5572e+09,160.9,151.98,161.58,0.4717,0.09434
1.5572e+09,161.2,152.08,161.69,0.09434,-0.37736
1.5572e+09,161.8,152.64,162.29,0.56604,0.4717
1.5572e+09,162,152.83,162.49,0.18868,-0.37736
1.5572e+09,161.8,152.83,162.49,0,-0.18868
1.5572e+09,162.3,153.11,162.79,0.28302,0.28302
1.5572e+09,162,153.11,162.79,0,-0.28302
1.5572e+09,162.3,153.11,162.79,0,0
1.5572e+09,162,153.11,162.79,0,0
1.5572e+09,162.2,153.11,162.79,0,0
1.5572e+09,162.8,153.58,163.29,0.4717,0.4717
1.5572e+09,162.4,153.87,163.59,0.28302,-0.18868
1.5572e+09,162.1,153.87,163.59,0,-0.28302
1.5572e+09,168.2,158.68,168.71,4.8113,4.8113
1.5572e+09,174.7,164.81,175.23,6.1321,1.3208
1.5572e+09,180,169.81,180.54,5,-1.1321
1.5572e+09,181.4,171.13,181.95,1.3208,-3.6792
1.5572e+09,183.4,173.02,183.95,1.8868,0.56604
1.5572e+09,188.1,177.45,188.67,4.434,2.5472
1.5572e+09,190.2,179.43,190.77,1.9811,-2.4528
1.5572e+09,191.6,180.75,192.18,1.3208,-0.66038
1.5572e+09,193.6,182.64,194.18,1.8868,0.56604
1.5572e+09,198.2,186.98,198.8,4.3396,2.4528
1.5572e+09,207.5,195.75,208.12,8.7736,4.434
1.5572e+09,210.7,198.77,211.33,3.0189,-5.7547
1.5572e+09,212.2,200.19,212.84,1.4151,-1.6038
1.5572e+09,212.5,200.47,213.14,0.28302,-1.1321
1.5572e+09,212.7,200.66,213.34,0.18868,-0.09434
1.5572e+09,212.9,200.85,213.54,0.18868,2.8422e-14
1.5572e+09,213.2,201.23,213.94,0.37736,0.18868
1.5572e+09,214.1,201.98,214.74,0.75472,0.37736
1.5572e+09,215.2,203.02,215.85,1.0377,0.28302
1.5572e+09,214.9,203.02,215.85,0,-1.0377
1.5572e+09,215.7,203.49,216.35,0.4717,0.4717
1.5572e+09,215.7,203.49,216.35,0,-0.4717
1.5572e+09,215.7,203.49,216.35,0,0
1.5572e+09,215.5,203.58,216.45,0.09434,0.09434
1.5572e+09,215.5,203.58,216.45,0,-0.09434
1.5572e+09,217.3,205,217.95,1.4151,1.4151
1.5572e+09,218.5,206.13,219.16,1.1321,-0.28302
1.5572e+09,218.1,206.13,219.16,0,-1.1321
1.5572e+09,217.6,206.13,219.16,0,0
1.5572e+09,217.8,206.13,219.16,0,0
1.5572e+09,218,206.13,219.16,0,0
1.5572e+09,218.3,206.13,219.16,0,0
1.5572e+09,225.6,212.83,226.28,6.6981,6.6981
1.5572e+09,239.5,227.83,242.23,15,8.3019
1.5572e+09,243.2,229.43,243.93,1.6038,-13.396
1.5572e+09,249,234.91,249.75,5.4717,3.8679
1.5572e+09,279.4,263.58,280.24,28.679,23.208
1.5572e+09,288.2,271.89,289.07,8.3019,-20.377
1.5572e+09,291.5,275,292.38,3.1132,-5.1887
1.5572e+09,291.9,275.38,292.78,0.37736,-2.7358
1.5572e+09,292.5,275.94,293.38,0.56604,0.18868
1.5572e+09,293.1,276.51,293.98,0.56604,0
1.5572e+09,293.7,277.08,294.58,0.56604,-5.6843e-14
1.5572e+09,294.3,277.64,295.19,0.56604,5.6843e-14
1.5572e+09,294.6,278.11,295.69,0.4717,-0.09434
1.5572e+09,294.9,278.21,295.79,0.09434,-0.37736
1.5572e+09,296.7,279.91,297.59,1.6981,1.6038
1.5572e+09,297.3,280.47,298.19,0.56604,-1.1321
1.5572e+09,297.3,280.47,298.19,0,-0.56604
1.5572e+09,297.6,280.75,298.5,0.28302,0.28302
1.5572e+09,297.4,280.75,298.5,0,-0.28302
1.5572e+09,298,281.13,298.9,0.37736,0.37736
1.5572e+09,297.8,281.13,298.9,0,-0.37736
1.5572e+09,297.9,281.13,298.9,0,0
1.5572e+09,297.7,281.13,298.9,0,0
1.5572e+09,297.6,281.13,298.9,0,0
1.5572e+09,298,281.13,298.9,0,0
1.5572e+09,298.2,281.32,299.1,0.18868,0.18868
1.5572e+09,298.1,281.32,299.1,0,-0.18868
1.5572e+09,297.3,281.32,299.1,0,0
1.5572e+09,297.5,281.32,299.1,0,0
1.5572e+09,297.4,281.32,299.1,0,0
1.5572e+09,297.6,281.32,299.1,0,0
1.5572e+09,297.6,281.32,299.1,0,0
1.5572e+09,297.8,281.32,299.1,0,0
1.5572e+09,297.8,281.32,299.1,0,0
1.5572e+09,298,281.32,299.1,0,0
1.5572e+09,297.5,281.32,299.1,0,0
1.5572e+09,297.8,281.32,299.1,0,0
1.5572e+09,298.3,281.42,299.2,0.09434,0.09434
1.5572e+09,298.8,281.89,299.7,0.4717,0.37736
1.5572e+09,299.1,282.17,300,0.28302,-0.18868
1.5572e+09,298.4,282.17,300,0,-0.28302
1.5572e+09,298.5,282.17,300,0,0
1.5572e+09,298.7,282.17,300,0,0
1.5572e+09,299.5,282.55,300.4,0.37736,0.37736
1.5572e+09,300.4,283.4,301.3,0.84906,0.4717
1.5572e+09,300.9,283.87,301.81,0.4717,-0.37736
1.5572e+09,301.4,284.34,302.31,0.4717,0
1.5572e+09,302,285,303.01,0.66038,0.18868
1.5572e+09,302.3,285.19,303.21,0.18868,-0.4717
1.5572e+09,302.5,285.38,303.41,0.18868,0
1.5572e+09,302.6,285.47,303.51,0.09434,-0.09434
1.5572e+09,302.3,285.47,303.51,0,-0.09434
1.5572e+09,302.2,285.47,303.51,0,0
1.5572e+09,302.2,285.47,303.51,0,0
1.5572e+09,302.3,285.47,303.51,0,0
1.5572e+09,302.4,285.47,303.51,0,0
1.5572e+09,302.4,285.47,303.51,0,0
1.5572e+09,302.3,285.47,303.51,0,0
1.5572e+09,302.5,285.47,303.51,0,0
1.5572e+09,302.8,285.66,303.71,0.18868,0.18868
1.5572e+09,304.3,287.08,305.22,1.4151,1.2264
1.5572e+09,302.5,287.08,305.22,0,-1.4151
1.5572e+09,302.4,287.08,305.22,0,0
1.5572e+09,302.2,287.08,305.22,0,0
1.5572e+09,302.1,287.08,305.22,0,0
1.5572e+09,302,287.08,305.22,0,0
1.5572e+09,302,287.08,305.22,0,0
1.5572e+09,302.3,287.08,305.22,0,0
1.5572e+09,303.4,287.08,305.22,0,0
1.5572e+09,303.5,287.08,305.22,0,0
1.5572e+09,303.6,287.08,305.22,0,0
1.5572e+09,303.3,287.08,305.22,0,0
1.5572e+09,303.3,287.08,305.22,0,0
1.5572e+09,303.6,287.08,305.22,0,0
1.5572e+09,303.4,287.08,305.22,0,0
1.5572e+09,303.1,287.08,305.22,0,0
1.5572e+09,303.1,287.08,305.22,0,0
1.5572e+09,303.5,287.08,305.22,0,0
1.5572e+09,303.4,287.08,305.22,0,0
1.5572e+09,303.6,287.08,305.22,0,0
1.5572e+09,303.2,287.08,305.22,0,0
1.5572e+09,303.5,287.08,305.22,0,0
1.5572e+09,303.7,287.08,305.22,0,0
1.5572e+09,302.7,287.08,305.22,0,0
1.5572e+09,303.4,287.08,305.22,0,0
1.5572e+09,303.3,287.08,305.22,0,0
1.5572e+09,303,287.08,305.22,0,0
1.5572e+09,303.1,287.08,305.22,0,0
1.5572e+09,305.5,288.21,306.42,1.1321,1.1321
1.5572e+09,309.9,292.36,310.83,4.1509,3.0189
1.5572e+09,315.3,297.45,316.25,5.0943,0.9434
1.5572e+09,317.2,299.25,318.15,1.7925,-3.3019
1.5572e+09,318.8,300.75,319.76,1.5094,-0.28302
1.5572e+09,319,301.04,320.06,0.28302,-1.2264
1.5572e+09,319.9,301.79,320.86,0.75472,0.4717
1.5572e+09,320,301.98,321.06,0.18868,-0.56604
1.5572e+09,321.4,303.21,322.37,1.2264,1.0377
1.5572e+09,322.4,304.15,323.37,0.9434,-0.28302
1.5572e+09,320.7,304.43,323.67,0.28302,-0.66038
1.5572e+09,321.4,304.43,323.67,0,-0.28302
1.5572e+09,321.4,304.43,323.67,0,0
1.5572e+09,321.9,304.43,323.67,0,0
1.5572e+09,322,304.43,323.67,0,0
1.5572e+09,322.4,304.43,323.67,0,0
1.5572e+09,322.6,304.62,323.87,0.18868,0.18868
1.5572e+09,322.7,304.62,323.87,0,-0.18868
1.5572e+09,322.3,304.62,323.87,0,0
1.5572e+09,323.4,305.09,324.37,0.4717,0.4717
1.5572e+09,323,305.09,324.37,0,-0.4717
1.5572e+09,323.3,305.09,324.37,0,0
1.5572e+09,323.5,305.19,324.47,0.09434,0.09434
1.5572e+09,324.7,306.32,325.68,1.1321,1.0377
1.5572e+09,325,306.6,325.98,0.28302,-0.84906
1.5572e+09,325.7,307.26,326.68,0.66038,0.37736
1.5572e+09,325.2,307.26,326.68,0,-0.66038
1.5572e+09,325.3,307.26,326.68,0,0
1.5572e+09,325.5,307.26,326.68,0,0
1.5572e+09,325.7,307.64,327.08,0.37736,0.37736
1.5572e+09,326.5,308.02,327.48,0.37736,-5.6843e-14
1.5572e+09,326.9,308.4,327.88,0.37736,0
1.5572e+09,326.7,308.4,327.88,0,-0.37736
1.5572e+09,326.6,308.4,327.88,0,0
1.5572e+09,326,308.4,327.88,0,0
1.5572e+09,326.1,308.4,327.88,0,0
1.5572e+09,326.7,308.4,327.88,0,0
1.5572e+09,327.5,308.96,328.49,0.56604,0.56604
1.5572e+09,328,309.43,328.99,0.4717,-0.09434
1.5572e+09,328.4,309.81,329.39,0.37736,-0.09434
1.5572e+09,328.4,309.81,329.39,0,-0.37736
1.5572e+09,328.9,310.28,329.89,0.4717,0.4717
1.5572e+09,329,310.38,329.99,0.09434,-0.37736
1.5572e+09,329.4,310.75,330.39,0.37736,0.28302
1.5572e+09,329,310.75,330.39,0,-0.37736
1.5572e+09,329.1,310.75,330.39,0,0
1.5572e+09,329.2,310.75,330.39,0,0
1.5572e+09,328.8,310.75,330.39,0,0
1.5572e+09,330,311.32,330.99,0.56604,0.56604
1.5572e+09,331.6,312.83,332.6,1.5094,0.9434
1.5572e+09,330.4,313.4,333.2,0.56604,-0.9434
1.5572e+09,330.6,313.4,333.2,0,-0.56604
1.5572e+09,332.2,313.4,333.2,0,0
1.5572e+09,332.6,313.77,333.6,0.37736,0.37736
1.5572e+09,332.7,313.96,333.8,0.18868,-0.18868
1.5572e+09,333.4,314.53,334.4,0.56604,0.37736
1.5572e+09,333.6,315,334.9,0.4717,-0.09434
1.5572e+09,334.4,315.47,335.41,0.4717,0
1.5572e+09,335.1,316.13,336.11,0.66038,0.18868
1.5572e+09,334,316.13,336.11,0,-0.66038
1.5572e+09,333.9,316.13,336.11,0,0
1.5572e+09,331.4,316.13,336.11,0,0
1.5572e+09,329.6,316.13,336.11,0,0
1.5572e+09,331.1,316.13,336.11,0,0
1.5572e+09,331.4,316.13,336.11,0,0
1.5572e+09,331.3,316.13,336.11,0,0
1.5572e+09,330.7,316.13,336.11,0,0
1.5572e+09,331.6,316.13,336.11,0,0
1.5572e+09,331.7,316.13,336.11,0,0
1.5572e+09,332.6,316.13,336.11,0,0
1.5572e+09,331.5,316.13,336.11,0,0
1.5572e+09,331.4,316.13,336.11,0,0
1.5572e+09,331.5,316.13,336.11,0,0
1.5572e+09,329.9,316.13,336.11,0,0
1.5572e+09,329.5,316.13,336.11,0,0
1.5572e+09,330.1,316.13,336.11,0,0
1.5572e+09,330.6,316.13,336.11,0,0
1.5572e+09,330.6,316.13,336.11,0,0
1.5572e+09,330.4,316.13,336.11,0,0
1.5572e+09,329.7,316.13,336.11,0,0
1.5572e+09,329.4,316.13,336.11,0,0
1.5572e+09,329.8,316.13,336.11,0,0
1.5572e+09,329.3,316.13,336.11,0,0
1.5572e+09,329.5,316.13,336.11,0,0
1.5572e+09,328.9,316.13,336.11,0,0
1.5572e+09,329.2,316.13,336.11,0,0
1.5572e+09,329.5,316.13,336.11,0,0
1.5572e+09,329.2,316.13,336.11,0,0
1.5572e+09,329.1,316.13,336.11,0,0
1.5572e+09,329.1,316.13,336.11,0,0
1.5572e+09,329.3,316.13,336.11,0,0
1.5572e+09,329.3,316.13,336.11,0,0
1.5572e+09,333.2,316.13,336.11,0,0
1.5572e+09,333.6,316.13,336.11,0,0
1.5572e+09,333.4,316.13,336.11,0,0
1.5572e+09,333.8,316.13,336.11,0,0
1.5572e+09,333.7,316.13,336.11,0,0
1.5572e+09,333.6,316.13,336.11,0,0
1.5572e+09,333.4,316.13,336.11,0,0
1.5572e+09,333.6,316.13,336.11,0,0
1.5572e+09,333.6,316.13,336.11,0,0
1.5572e+09,333.8,316.13,336.11,0,0
1.5572e+09,333.5,316.13,336.11,0,0
1.5572e+09,333.7,316.13,336.11,0,0
1.5572e+09,333.7,316.13,336.11,0,0
1.5572e+09,333.7,316.13,336.11,0,0
1.5572e+09,333.4,316.13,336.11,0,0
1.5572e+09,333.4,316.13,336.11,0,0
1.5572e+09,333.6,316.13,336.11,0,0
1.5572e+09,333.4,316.13,336.11,0,0
1.5572e+09,333.7,316.13,336.11,0,0
1.5572e+09,333.6,316.13,336.11,0,0
1.5572e+09,333.6,316.13,336.11,0,0
1.5572e+09,333.3,316.13,336.11,0,0
1.5572e+09,333.4,316.13,336.11,0,0
1.5572e+09,333.5,316.13,336.11,0,0
1.5572e+09,333.8,316.13,336.11,0,0
1.5572e+09,333.5,316.13,336.11,0,0
1.5572e+09,333.4,316.13,336.11,0,0
1.5572e+09,333.9,316.13,336.11,0,0
1.5572e+09,333.8,316.13,336.11,0,0
1.5572e+09,333.9,316.13,336.11,0,0
1.5572e+09,334.1,316.13,336.11,0,0
1.5572e+09,334.7,316.13,336.11,0,0
1.5572e+09,335.3,316.32,336.31,0.18868,0.18868
1.5572e+09,335.8,316.79,336.81,0.4717,0.28302
1.5572e+09,336,316.98,337.01,0.18868,-0.28302
1.5572e+09,336.1,317.36,337.41,0.37736,0.18868
1.5572e+09,336,317.36,337.41,0,-0.37736
1.5572e+09,336.1,317.36,337.41,0,0
1.5572e+09,336,317.36,337.41,0,0
1.5572e+09,336.1,317.45,337.51,0.09434,0.09434
1.5572e+09,335.9,317.45,337.51,0,-0.09434
1.5572e+09,336.4,317.45,337.51,0,0
1.5572e+09,336.6,317.55,337.61,0.09434,0.09434
1.5572e+09,336.6,317.64,337.71,0.09434,-5.6843e-14
1.5572e+09,337.4,318.3,338.42,0.66038,0.56604
1.5572e+09,337.6,318.49,338.62,0.18868,-0.4717
1.5572e+09,337.3,318.49,338.62,0,-0.18868
1.5572e+09,337.3,318.49,338.62,0,0
1.5572e+09,337.2,318.49,338.62,0,0
1.5572e+09,337.5,318.49,338.62,0,0
1.5572e+09,338.1,318.96,339.12,0.4717,0.4717
1.5572e+09,338,318.96,339.12,0,-0.4717
1.5572e+09,338.2,319.06,339.22,0.09434,0.09434
1.5572e+09,338.2,319.53,339.72,0.4717,0.37736
1.5572e+09,338.1,319.53,339.72,0,-0.4717
1.5572e+09,338.4,319.53,339.72,0,0
1.5572e+09,339.2,320,340.22,0.4717,0.4717
1.5572e+09,340.1,320.85,341.12,0.84906,0.37736
1.5572e+09,341.2,321.89,342.23,1.0377,0.18868
1.5572e+09,341.8,322.45,342.83,0.56604,-0.4717
1.5572e+09,342.3,322.92,343.33,0.4717,-0.09434
1.5572e+09,343,323.58,344.03,0.66038,0.18868
1.5572e+09,343.5,324.06,344.53,0.4717,-0.18868
1.5572e+09,343.4,324.06,344.53,0,-0.4717
1.5572e+09,343.5,324.06,344.53,0,0
1.5572e+09,343.6,324.15,344.63,0.09434,0.09434
1.5572e+09,343.3,324.15,344.63,0,-0.09434
1.5572e+09,343.4,324.15,344.63,0,0
1.5572e+09,343.3,324.15,344.63,0,0
1.5572e+09,343.3,324.15,344.63,0,0
1.5572e+09,343.1,324.15,344.63,0,0
1.5572e+09,343.4,324.15,344.63,0,0
1.5572e+09,343,324.15,344.63,0,0
1.5572e+09,344.2,324.72,345.24,0.56604,0.56604
1.5572e+09,345.2,325.66,346.24,0.9434,0.37736
1.5572e+09,346.6,326.98,347.64,1.3208,0.37736
1.5572e+09,347.1,327.45,348.14,0.4717,-0.84906
1.5572e+09,347.7,328.02,348.75,0.56604,0.09434
1.5572e+09,348.2,328.49,349.25,0.4717,-0.09434
1.5572e+09,348.5,328.77,349.55,0.28302,-0.18868
1.5572e+09,348.4,328.77,349.55,0,-0.28302
1.5572e+09,348.3,328.77,349.55,0,0
1.5572e+09,348.6,328.87,349.65,0.09434,0.09434
1.5572e+09,348.8,329.15,349.95,0.28302,0.18868
1.5572e+09,348.9,329.43,350.25,0.28302,0
1.5572e+09,349.3,329.53,350.35,0.09434,-0.18868
1.5572e+09,349.4,329.62,350.45,0.09434,-5.6843e-14
1.5572e+09,349.5,329.72,350.55,0.09434,5.6843e-14
1.5572e+09,349.4,329.72,350.55,0,-0.09434
1.5572e+09,349.6,329.81,350.65,0.09434,0.09434
1.5572e+09,349.5,329.81,350.65,0,-0.09434
1.5572e+09,349.5,329.81,350.65,0,0
1.5572e+09,349.8,330,350.85,0.18868,0.18868
1.5572e+09,349.4,330,350.85,0,-0.18868
1.5572e+09,349.7,330,350.85,0,0
1.5572e+09,350.1,330.28,351.15,0.28302,0.28302
1.5572e+09,350.1,330.28,351.15,0,-0.28302
1.5572e+09,349.8,330.28,351.15,0,0
1.5572e+09,350.1,330.28,351.15,0,0
1.5572e+09,350,330.28,351.15,0,0
1.5572e+09,350.3,330.47,351.35,0.18868,0.18868
1.5572e+09,350.4,330.57,351.45,0.09434,-0.09434
1.5572e+09,350.3,330.57,351.45,0,-0.09434
1.5572e+09,350.5,330.66,351.55,0.09434,0.09434
1.5572e+09,354.2,334.15,355.27,3.4906,3.3962
1.5572e+09,361.4,340.94,362.49,6.7925,3.3019
1.5572e+09,371.3,350.28,372.42,9.3396,2.5472
1.5572e+09,374,352.83,375.13,2.5472,-6.7925
1.5572e+09,376.7,355.38,377.83,2.5472,0
1.5572e+09,377.7,356.32,378.84,0.9434,-1.6038
1.5572e+09,380.8,359.25,381.95,2.9245,1.9811
1.5572e+09,383.4,361.7,384.55,2.4528,-0.4717
1.5572e+09,392.3,370.09,393.48,8.3962,5.9434
1.5572e+09,413.7,390.28,414.94,20.189,11.792
1.5572e+09,419,395.28,420.26,5,-15.189
1.5572e+09,422.6,398.68,423.87,3.3962,-1.6038
1.5572e+09,423.4,399.43,424.67,0.75472,-2.6415
1.5572e+09,424.9,400.85,426.18,1.4151,0.66038
1.5572e+09,425.3,401.23,426.58,0.37736,-1.0377
1.5572e+09,425.4,401.51,426.88,0.28302,-0.09434
1.5572e+09,426.5,402.36,427.78,0.84906,0.56604
1.5572e+09,426.6,402.64,428.08,0.28302,-0.56604
1.5572e+09,427,402.83,428.28,0.18868,-0.09434
1.5572e+09,427,402.83,428.28,0,-0.18868
1.5572e+09,427.6,403.4,428.89,0.56604,0.56604
1.5572e+09,427.7,403.49,428.99,0.09434,-0.4717
1.5572e+09,428.1,403.87,429.39,0.37736,0.28302
1.5572e+09,428.1,403.87,429.39,0,-0.37736
1.5572e+09,429,404.72,430.29,0.84906,0.84906
1.5572e+09,429.7,405.38,430.99,0.66038,-0.18868
1.5572e+09,430.2,405.85,431.49,0.4717,-0.18868
1.5572e+09,430.7,406.32,432,0.4717,0
1.5572e+09,431.4,406.98,432.7,0.66038,0.18868
1.5572e+09,432,407.55,433.3,0.56604,-0.09434
1.5572e+09,432.6,408.11,433.9,0.56604,0
1.5572e+09,433,408.49,434.3,0.37736,-0.18868
1.5572e+09,433.1,408.58,434.4,0.09434,-0.28302
1.5572e+09,433.1,408.77,434.6,0.18868,0.09434
1.5572e+09,433.1,408.77,434.6,0,-0.18868
1.5572e+09,432.9,408.77,434.6,0,0
1.5572e+09,433.3,408.77,434.6,0,0
1.5572e+09,433.6,409.06,434.9,0.28302,0.28302
1.5572e+09,433.6,409.06,434.9,0,-0.28302
1.5572e+09,433.8,409.25,435.11,0.18868,0.18868
1.5572e+09,434.3,409.72,435.61,0.4717,0.28302
1.5572e+09,434.2,409.72,435.61,0,-0.4717
1.5572e+09,434.8,410.19,436.11,0.4717,0.4717
1.5572e+09,439.1,414.25,440.42,4.0566,3.5849
1.5572e+09,442.9,417.83,444.23,3.5849,-0.4717
1.5572e+09,446.7,421.42,448.04,3.5849,0
1.5572e+09,451.8,426.23,453.16,4.8113,1.2264
1.5572e+09,478.7,451.6,480.14,25.377,20.566
1.5572e+09,488.5,460.85,489.97,9.2453,-16.132
1.5572e+09,491.5,463.68,492.98,2.8302,-6.4151
1.5572e+09,493.4,465.47,494.88,1.7925,-1.0377
1.5572e+09,493.8,465.85,495.29,0.37736,-1.4151
1.5572e+09,494.6,466.6,496.09,0.75472,0.37736
1.5572e+09,495.3,467.26,496.79,0.66038,-0.09434
1.5572e+09,494.9,467.26,496.79,0,-0.66038
1.5572e+09,495.5,467.45,496.99,0.18868,0.18868
1.5572e+09,495.9,467.83,497.39,0.37736,0.18868
1.5572e+09,496.4,468.3,497.89,0.4717,0.09434
1.5572e+09,496,468.3,497.89,0,-0.4717
1.5572e+09,494.2,468.3,497.89,0,0
1.5572e+09,498.4,470.19,499.9,1.8868,1.8868
1.5572e+09,498,470.19,499.9,0,-1.8868
1.5572e+09,498,470.57,500.3,0.37736,0.37736
1.5572e+09,498.3,470.57,500.3,0,-0.37736
1.5572e+09,498,470.57,500.3,0,0
1.5572e+09,498,470.57,500.3,0,0
1.5572e+09,498.1,470.57,500.3,0,0
1.5572e+09,498.2,470.57,500.3,0,0
1.5572e+09,498.4,470.57,500.3,0,0
1.5572e+09,499.1,471.04,500.8,0.4717,0.4717
1.5572e+09,499,471.13,500.9,0.09434,-0.37736
1.5572e+09,499.6,471.32,501.1,0.18868,0.09434
1.5572e+09,499.3,471.32,501.1,0,-0.18868
1.5572e+09,499.5,471.32,501.1,0,0
1.5572e+09,500,471.7,501.5,0.37736,0.37736
1.5572e+09,501.3,472.92,502.81,1.2264,0.84906
1.5572e+09,502,473.58,503.51,0.66038,-0.56604
1.5572e+09,502.1,473.68,503.61,0.09434,-0.56604
1.5572e+09,502.6,474.34,504.31,0.66038,0.56604
1.5572e+09,504.6,476.04,506.12,1.6981,1.0377
1.5572e+09,505,476.42,506.52,0.37736,-1.3208
1.5572e+09,505.5,476.89,507.02,0.4717,0.09434
1.5572e+09,506.4,477.74,507.92,0.84906,0.37736
1.5572e+09,506.6,477.92,508.12,0.18868,-0.66038
1.5572e+09,507.4,478.68,508.93,0.75472,0.56604
1.5572e+09,508.3,479.53,509.83,0.84906,0.09434
1.5572e+09,508.3,479.81,510.13,0.28302,-0.56604
1.5572e+09,508.9,480.28,510.63,0.4717,0.18868
1.5572e+09,509.9,481.04,511.43,0.75472,0.28302
1.5572e+09,511.1,482.74,513.24,1.6981,0.9434
1.5572e+09,510.7,482.74,513.24,0,-1.6981
1.5572e+09,511.5,482.74,513.24,0,0
1.5572e+09,514.4,485.28,515.95,2.5472,2.5472
1.5572e+09,515.7,486.51,517.25,1.2264,-1.3208
1.5572e+09,515.8,486.6,517.35,0.09434,-1.1321
1.5572e+09,516.6,487.36,518.15,0.75472,0.66038
1.5572e+09,516.8,487.55,518.36,0.18868,-0.56604
1.5572e+09,517.1,487.83,518.66,0.28302,0.09434
1.5572e+09,518,488.68,519.56,0.84906,0.56604
1.5572e+09,518.6,489.25,520.16,0.56604,-0.28302
1.5572e+09,519.2,489.81,520.76,0.56604,0
1.5572e+09,519.6,490.47,521.46,0.66038,0.09434
1.5572e+09,519.4,490.47,521.46,0,-0.66038
1.5572e+09,520.7,491.23,522.27,0.75472,0.75472
1.5572e+09,520.7,491.23,522.27,0,-0.75472
1.5572e+09,520.8,491.6,522.67,0.37736,0.37736
1.5572e+09,522.2,492.64,523.77,1.0377,0.66038
1.5572e+09,522.3,492.74,523.87,0.09434,-0.9434
1.5572e+09,523.2,493.58,524.77,0.84906,0.75472
1.5572e+09,523.3,493.68,524.87,0.09434,-0.75472
1.5572e+09,523.3,493.68,524.87,0,-0.09434
1.5572e+09,523.6,494.43,525.68,0.75472,0.75472
1.5572e+09,525.2,495.47,526.78,1.0377,0.28302
1.5572e+09,524.6,495.47,526.78,0,-1.0377
1.5572e+09,524.9,495.47,526.78,0,0
1.5572e+09,524.9,495.47,526.78,0,0
1.5572e+09,525.7,495.94,527.28,0.4717,0.4717
1.5572e+09,525.8,496.23,527.58,0.28302,-0.18868
1.5572e+09,526.7,496.89,528.28,0.66038,0.37736
1.5572e+09,526.5,496.89,528.28,0,-0.66038
1.5572e+09,527.8,497.92,529.39,1.0377,1.0377
1.5572e+09,529,499.06,530.59,1.1321,0.09434
1.5572e+09,529.7,499.72,531.29,0.66038,-0.4717
1.5572e+09,529.3,499.72,531.29,0,-0.66038
1.5572e+09,529.4,499.72,531.29,0,0
1.5572e+09,530.2,500.19,531.8,0.4717,0.4717
1.5572e+09,531.7,501.6,533.3,1.4151,0.9434
1.5572e+09,532.5,502.45,534.2,0.84906,-0.56604
1.5572e+09,533.7,503.77,535.61,1.3208,0.4717
1.5572e+09,534.5,506.13,538.11,2.3585,1.0377
1.5572e+09,534.4,506.13,538.11,0,-2.3585
1.5572e+09,534.2,506.13,538.11,0,0
1.5572e+09,534.5,506.13,538.11,0,0
1.5572e+09,534.9,506.13,538.11,0,0
1.5572e+09,535.1,506.13,538.11,0,0
1.5572e+09,535.1,506.13,538.11,0,0
1.5572e+09,535.4,506.13,538.11,0,0
1.5572e+09,535.3,506.13,538.11,0,0
