Time,Grams,Blood Accumulated,Water accumulated,delta,delta delta
1557234425.979708,0.1,0.09433962264150944,0.10030090270812438,0.09433962264150944,0.09433962264150944
1557234428.479348,0.0,0.09433962264150944,0.10030090270812438,0.0,-0.09433962264150944
1557234429.506616,-0.3,0.09433962264150944,0.10030090270812438,0.0,0.0
1557234430.535064,-0.1,0.09433962264150944,0.10030090270812438,0.0,0.0
1557234431.562738,-0.1,0.09433962264150944,0.10030090270812438,0.0,0.0
1557234432.590055,-0.2,0.09433962264150944,0.10030090270812438,0.0,0.0
1557234433.616995,-0.2,0.09433962264150944,0.10030090270812438,0.0,0.0
1557234434.645631,-0.2,0.09433962264150944,0.10030090270812438,0.0,0.0
1557234435.6723251,-0.1,0.09433962264150944,0.10030090270812438,0.0,0.0
1557234436.6999738,0.3,0.2830188679245283,0.3009027081243731,0.18867924528301885,0.18867924528301885
1557234437.7285209,-0.6,0.2830188679245283,0.3009027081243731,0.0,0.0
1557234438.756258,-0.2,0.2830188679245283,0.3009027081243731,0.0,0.0
1557234439.783509,-0.1,0.2830188679245283,0.3009027081243731,0.0,0.0
1557234440.811075,-0.8,0.2830188679245283,0.3009027081243731,0.0,0.0
1557234441.838617,-0.8,0.2830188679245283,0.3009027081243731,0.0,0.0
1557234442.865569,-0.1,0.2830188679245283,0.3009027081243731,0.0,0.0
1557234443.893225,-0.1,0.2830188679245283,0.3009027081243731,0.0,0.0
1557234444.921144,0.3,0.2830188679245283,0.3009027081243731,0.0,0.0
1557234445.94781,1.0,0.9433962264150942,1.0030090270812435,0.18867924528301883,-0.2830188679245283
1557234446.975439,1.3,1.2264150943396226,1.3039117352056167,0.28301886792452835,0.28301886792452835
1557234448.004086,0.6,1.2264150943396226,1.3039117352056167,0.0,0.0
1557234449.030721,1.1,1.509433962264151,1.6048144433299898,0.0,-0.28301886792452835
1557234450.057958,1.3,1.509433962264151,1.6048144433299898,0.0,0.0
1557234451.085599,2.7,2.547169811320755,2.708124373119358,0.7547169811320756,0.4716981132075475
1557234452.112981,5.6,5.283018867924527,5.616850551654965,1.7924528301886786,0.8490566037735844
1557234453.141232,6.9,6.509433962264151,6.920762286860581,0.6603773584905662,0.09433962264150919
1557234454.168109,7.8,7.358490566037735,7.8234704112337,0.8490566037735844,0.8490566037735844
1557234455.1952598,8.5,8.018867924528301,8.52557673019057,0.28301886792452896,-0.09433962264150825
1557234456.222712,9.2,8.679245283018865,9.22768304914744,0.4716981132075471,0.2830188679245289
1557234457.250093,10.2,9.62264150943396,10.230692076228685,0.9433962264150942,0.9433962264150942
1557234458.278523,10.1,10.754716981132074,11.434302908726178,0.0,-1.132075471698114
1557234459.3059552,11.5,10.849056603773583,11.534603811434302,0.0943396226415091,0.0943396226415091
1557234460.3331578,11.6,10.943396226415093,11.634904714142426,0.0943396226415091,0.0943396226415091
1557234461.360738,11.4,10.943396226415093,11.634904714142426,0.0,0.0
1557234462.388159,11.6,10.943396226415093,11.634904714142426,0.0,0.0
1557234463.415553,12.1,11.41509433962264,12.136409227683048,0.4716981132075471,0.4716981132075471
1557234464.443201,11.7,11.41509433962264,12.136409227683048,0.0,0.0
1557234465.470655,11.9,11.41509433962264,12.136409227683048,0.0,0.0
1557234466.4980989,11.9,11.41509433962264,12.136409227683048,0.0,0.0
1557234467.5257049,12.4,11.698113207547168,12.437311935807422,0.0,-0.28301886792452896
1557234468.553026,12.3,11.886792452830186,12.63791374122367,0.0,-0.1886792452830182
1557234469.580874,12.6,11.886792452830186,12.63791374122367,0.0,0.0
1557234470.608384,12.0,11.886792452830186,12.63791374122367,0.0,0.0
1557234471.635799,12.3,11.886792452830186,12.63791374122367,0.0,0.0
1557234472.66298,11.6,11.886792452830186,12.63791374122367,0.0,0.0
1557234473.6904252,12.2,11.886792452830186,12.63791374122367,0.0,0.0
1557234474.717526,12.4,11.886792452830186,12.63791374122367,0.0,0.0
1557234475.7451851,12.7,11.981132075471695,12.738214643931794,0.0943396226415091,0.0943396226415091
1557234476.772602,13.1,12.358490566037734,13.139418254764292,0.37735849056603804,0.37735849056603804
1557234477.80024,13.0,12.358490566037734,13.139418254764292,0.0,0.0
1557234478.8278909,12.8,12.358490566037734,13.139418254764292,0.0,0.0
1557234479.855241,13.6,12.83018867924528,13.640922768304915,0.2830188679245273,0.09433962264150744
1557234480.8824809,13.4,12.83018867924528,13.640922768304915,0.0,0.0
1557234481.909918,13.3,12.83018867924528,13.640922768304915,0.0,0.0
1557234482.9372978,12.9,12.83018867924528,13.640922768304915,0.0,0.0
1557234483.964921,13.3,12.83018867924528,13.640922768304915,0.0,0.0
1557234484.9927092,13.2,12.83018867924528,13.640922768304915,0.0,0.0
1557234486.019833,13.1,12.83018867924528,13.640922768304915,0.0,0.0
1557234487.04768,13.9,13.113207547169809,13.941825476429289,0.28301886792452896,0.28301886792452896
1557234488.075304,14.0,13.207547169811319,14.042126379137413,0.0943396226415091,0.0943396226415091
1557234489.1027021,14.3,13.490566037735848,14.343029087261787,0.28301886792452896,0.28301886792452896
1557234490.130172,14.5,13.679245283018865,14.543630892678035,0.0,-0.1886792452830182
1557234491.1576169,14.7,13.867924528301883,14.744232698094283,0.1886792452830182,0.1886792452830182
1557234492.1850371,14.8,13.962264150943394,14.844533600802409,0.09433962264151077,0.09433962264151077
1557234493.2125409,14.8,13.962264150943394,14.844533600802409,0.0,0.0
1557234494.240278,14.7,14.056603773584904,14.944834503510533,0.0,-0.0943396226415091
1557234495.267614,14.8,14.056603773584904,14.944834503510533,0.0,0.0
1557234496.295497,13.5,14.056603773584904,14.944834503510533,0.0,0.0
1557234497.322891,13.9,14.056603773584904,14.944834503510533,0.0,0.0
1557234498.3500218,11.6,14.056603773584904,14.944834503510533,0.0,0.0
1557234499.377505,12.9,14.056603773584904,14.944834503510533,0.0,0.0
1557234500.405016,13.0,14.056603773584904,14.944834503510533,0.0,0.0
1557234501.432538,12.8,14.056603773584904,14.944834503510533,0.0,0.0
1557234502.459845,12.8,14.056603773584904,14.944834503510533,0.0,0.0
1557234503.487181,14.1,14.056603773584904,14.944834503510533,0.0,0.0
1557234504.514642,14.8,14.056603773584904,14.944834503510533,0.0,0.0
1557234505.542859,14.7,14.056603773584904,14.944834503510533,0.0,0.0
1557234506.5700932,16.8,15.849056603773583,16.850551654964896,1.2264150943396233,0.660377358490567
1557234507.596856,18.0,16.981132075471695,18.05416248746239,0.5660377358490579,3.3306690738754696e-15
1557234508.6241941,18.9,17.83018867924528,18.956870611835505,0.7547169811320728,0.660377358490562
1557234509.652113,19.8,18.679245283018865,19.859578736208626,0.0,-0.8490566037735868
1557234510.67936,20.5,19.33962264150943,20.561685055165494,0.3773584905660364,0.09433962264150741
1557234511.706783,23.0,21.698113207547166,23.069207622868603,2.3584905660377355,2.3584905660377355
1557234512.734148,33.1,31.226415094339618,33.19959879638917,8.30188679245283,7.075471698113207
1557234513.761748,36.3,34.245283018867916,36.40922768304914,2.7358490566037723,2.4528301886792465
1557234514.789417,38.6,36.415094339622634,38.716148445336,0.2830188679245323,-1.6037735849056562
1557234515.816564,40.1,37.830188679245275,40.22066198595787,0.7547169811320794,0.0943396226415174
1557234516.843806,40.5,38.20754716981131,40.621865596790364,0.3773584905660364,0.3773584905660364
1557234517.871649,41.5,39.15094339622641,41.624874623871605,0.5660377358490579,0.18867924528302155
1557234518.89856,42.1,39.71698113207547,42.22668004012036,0.09433962264151077,-0.3773584905660363
1557234519.926444,42.8,40.377358490566024,42.92878635907722,0.18867924528301483,-0.2830188679245323
1557234520.953737,42.4,40.566037735849044,43.12938816449347,0.0,-0.18867924528302155
1557234521.981241,46.2,43.584905660377345,46.339017051153455,0.8490566037735903,-1.3207547169811238
1557234523.008699,46.6,43.96226415094338,46.74022066198595,0.3773584905660364,0.3773584905660364
1557234524.0360231,51.7,48.773584905660364,51.8555667001003,0.8490566037735903,-3.1132075471698015
1557234525.063319,55.4,52.2641509433962,55.56670010030089,2.169811320754714,0.8490566037735834
1557234526.091079,55.4,52.2641509433962,55.56670010030089,0.0,0.0
1557234527.1184099,56.0,52.83018867924526,56.16850551654964,0.5660377358490579,0.5660377358490579
1557234528.145869,59.0,55.66037735849054,59.177532597793366,1.1320754716981158,-0.5660377358490511
1557234529.1727638,65.3,61.60377358490564,65.4964894684052,4.4339622641509395,2.924528301886787
1557234530.199948,67.7,63.86792452830187,67.9037111334002,0.5660377358490646,-1.1320754716981023
1557234531.22718,68.9,64.99999999999999,69.10732196589768,0.0,-1.1320754716981158
1557234532.2547252,70.1,66.13207547169809,70.31093279839517,0.18867924528300814,-0.7547169811320861
1557234533.282557,70.6,66.69811320754715,70.91273821464392,0.0,-0.5660377358490646
1557234534.309613,70.7,67.35849056603772,71.6148445336008,0.0,-0.6603773584905687
1557234535.336837,74.5,70.28301886792451,74.72417251755266,0.7547169811320728,-1.4150943396226414
1557234536.3640692,73.0,70.28301886792451,74.72417251755266,0.0,0.0
1557234537.3914812,78.2,73.77358490566037,78.43530591775327,2.452830188679253,1.4150943396226547
1557234538.418837,79.7,75.18867924528301,79.93981945837513,0.28301886792452563,-0.8490566037735903
1557234539.446549,81.1,76.69811320754715,81.54463390170511,0.0,-1.5094339622641455
1557234540.473956,82.6,77.92452830188677,82.84854563691073,1.22641509433962,1.22641509433962
1557234541.501478,83.0,78.3018867924528,83.24974924774322,0.3773584905660431,0.3773584905660431
1557234542.5287611,83.6,78.86792452830186,83.85155466399196,0.37735849056602966,0.1886792452830081
1557234543.556393,83.8,79.05660377358488,84.05215646940822,0.18867924528302155,0.18867924528302155
1557234544.5838048,82.4,79.62264150943395,84.65396188565697,0.0,-0.5660377358490646
1557234545.611205,88.8,83.77358490566036,89.06720160481443,3.1132075471698086,2.07547169811321
1557234546.638616,89.3,84.24528301886791,89.56870611835505,0.4716981132075471,0.4716981132075471
1557234547.6657379,96.2,90.75471698113206,96.48946840521563,2.9245283018868005,-0.660377358490555
1557234548.693114,94.2,90.75471698113206,96.48946840521563,0.0,0.0
1557234549.7201102,100.8,95.0943396226415,101.10330992978935,1.603773584905663,-1.1320754716981023
1557234550.7484071,104.5,98.58490566037734,104.81444332998994,2.924528301886787,2.3584905660377227
1557234551.7756228,102.7,98.58490566037734,104.81444332998994,0.0,0.0
1557234552.8033369,105.9,99.90566037735849,106.21865596790369,0.5660377358490646,-0.18867924528300817
1557234553.8305311,106.3,100.28301886792451,106.61985957873617,0.37735849056602966,0.37735849056602966
1557234554.858407,107.1,101.03773584905659,107.42226680040116,0.18867924528300814,-0.3773584905660564
1557234555.885677,108.3,102.1698113207547,108.62587763289866,0.9433962264150942,0.7547169811320726
1557234556.913404,108.6,102.45283018867923,108.92678034102303,0.28301886792452563,0.28301886792452563
1557234557.941134,107.3,102.45283018867923,108.92678034102303,0.0,0.0
1557234558.969147,110.0,103.77358490566037,110.33099297893678,0.8490566037735903,0.37735849056604315
1557234559.996072,109.4,103.77358490566037,110.33099297893678,0.0,0.0
1557234561.023972,109.0,103.77358490566037,110.33099297893678,0.0,0.0
1557234562.051231,109.0,103.77358490566037,110.33099297893678,0.0,0.0
1557234563.079082,109.6,103.77358490566037,110.33099297893678,0.0,0.0
1557234564.10658,110.0,103.9622641509434,110.53159478435303,0.0,-0.18867924528302155
1557234565.13374,110.1,103.9622641509434,110.53159478435303,0.0,0.0
1557234566.161351,110.7,104.43396226415095,111.03309929789366,0.4716981132075471,0.4716981132075471
1557234567.188729,110.4,104.62264150943398,111.23370110330991,0.0,-0.18867924528302155
1557234568.216162,110.4,104.62264150943398,111.23370110330991,0.0,0.0
1557234569.243698,110.2,104.62264150943398,111.23370110330991,0.0,0.0
1557234570.270679,110.0,104.62264150943398,111.23370110330991,0.0,0.0
1557234571.2979252,110.1,104.62264150943398,111.23370110330991,0.0,0.0
1557234572.3250592,110.7,104.62264150943398,111.23370110330991,0.0,0.0
1557234573.352215,109.9,104.62264150943398,111.23370110330991,0.0,0.0
1557234574.379411,110.2,104.62264150943398,111.23370110330991,0.0,0.0
1557234575.406794,110.2,104.62264150943398,111.23370110330991,0.0,0.0
1557234576.434344,109.8,104.62264150943398,111.23370110330991,0.0,0.0
1557234577.462096,110.1,104.62264150943398,111.23370110330991,0.0,0.0
1557234578.489384,109.7,104.62264150943398,111.23370110330991,0.0,0.0
1557234579.516856,110.0,104.62264150943398,111.23370110330991,0.0,0.0
1557234580.5438569,110.2,106.69811320754717,113.44032096288863,0.0,-2.075471698113197
1557234581.571203,112.6,106.69811320754717,113.44032096288863,0.0,0.0
1557234582.598434,111.1,106.69811320754717,113.44032096288863,0.0,0.0
1557234583.6260521,108.1,106.69811320754717,113.44032096288863,0.0,0.0
1557234584.6536288,109.0,106.69811320754717,113.44032096288863,0.0,0.0
1557234585.68056,109.7,106.69811320754717,113.44032096288863,0.0,0.0
1557234586.707722,108.7,106.69811320754717,113.44032096288863,0.0,0.0
1557234587.7347279,114.3,109.33962264150944,116.24874623871612,0.0,-2.6415094339622747
1557234588.761984,113.9,109.33962264150944,116.24874623871612,0.0,0.0
1557234589.789255,110.5,109.33962264150944,116.24874623871612,0.0,0.0
1557234590.816372,110.7,109.33962264150944,116.24874623871612,0.0,0.0
1557234591.843271,112.0,109.33962264150944,116.24874623871612,0.0,0.0
1557234592.870732,111.9,109.33962264150944,116.24874623871612,0.0,0.0
1557234593.898048,109.9,109.33962264150944,116.24874623871612,0.0,0.0
1557234594.9254348,112.4,109.33962264150944,116.24874623871612,0.0,0.0
1557234595.9526331,112.5,109.33962264150944,116.24874623871612,0.0,0.0
1557234596.980093,113.5,109.33962264150944,116.24874623871612,0.0,0.0
1557234598.0069802,108.6,109.33962264150944,116.24874623871612,0.0,0.0
1557234599.0344262,113.1,109.33962264150944,116.24874623871612,0.0,0.0
1557234600.061883,112.1,109.33962264150944,116.24874623871612,0.0,0.0
1557234601.089356,112.4,109.33962264150944,116.24874623871612,0.0,0.0
1557234602.116398,112.4,109.33962264150944,116.24874623871612,0.0,0.0
1557234603.1437812,112.2,109.33962264150944,116.24874623871612,0.0,0.0
1557234604.170971,112.4,109.33962264150944,116.24874623871612,0.0,0.0
1557234605.198255,112.5,109.33962264150944,116.24874623871612,0.0,0.0
1557234606.2258391,112.3,109.33962264150944,116.24874623871612,0.0,0.0
1557234607.253079,112.1,109.33962264150944,116.24874623871612,0.0,0.0
1557234608.280579,112.4,109.33962264150944,116.24874623871612,0.0,0.0
1557234609.3083572,112.7,109.33962264150944,116.24874623871612,0.0,0.0
1557234610.33598,112.8,109.33962264150944,116.24874623871612,0.0,0.0
1557234611.363266,112.8,109.33962264150944,116.24874623871612,0.0,0.0
1557234612.390399,112.9,109.33962264150944,116.24874623871612,0.0,0.0
1557234613.418188,113.1,109.33962264150944,116.24874623871612,0.0,0.0
1557234614.445046,113.1,109.33962264150944,116.24874623871612,0.0,0.0
1557234615.472637,113.4,109.33962264150944,116.24874623871612,0.0,0.0
1557234616.500192,113.2,109.33962264150944,116.24874623871612,0.0,0.0
1557234617.5276039,115.2,109.33962264150944,116.24874623871612,0.0,0.0
1557234618.555146,114.4,109.33962264150944,116.24874623871612,0.0,0.0
1557234619.58268,114.4,109.33962264150944,116.24874623871612,0.0,0.0
1557234620.60999,114.0,109.33962264150944,116.24874623871612,0.0,0.0
1557234621.6372092,113.6,109.33962264150944,116.24874623871612,0.0,0.0
1557234622.664995,113.6,109.33962264150944,116.24874623871612,0.0,0.0
1557234623.691781,114.1,109.33962264150944,116.24874623871612,0.0,0.0
1557234624.7194118,114.9,109.33962264150944,116.24874623871612,0.0,0.0
1557234625.746461,115.4,109.33962264150944,116.24874623871612,0.0,0.0
1557234626.773937,116.6,109.99999999999999,116.95085255767297,0.09433962264150407,-0.4716981132075472
1557234627.80109,116.8,110.188679245283,117.15145436308921,0.09433962264150407,-1.3405943022348765e-14
1557234628.827991,116.9,110.66037735849055,117.65295887662984,0.0,-0.4716981132075471
1557234629.855136,117.3,110.84905660377358,117.8535606820461,0.0,-0.18867924528302155
1557234630.8828459,118.0,111.32075471698113,118.35506519558672,0.18867924528302155,-0.09433962264150408
1557234631.909885,118.0,111.32075471698113,118.35506519558672,0.0,0.0
1557234632.9370182,118.2,111.50943396226415,118.55566700100297,0.0,-0.18867924528302155
1557234633.964194,118.3,111.60377358490565,118.65596790371109,0.09433962264150407,0.09433962264150407
1557234634.991735,118.9,112.16981132075472,119.25777331995984,0.3773584905660431,0.18867924528302155
1557234636.019352,118.8,112.35849056603773,119.45837512537608,0.0,-0.18867924528300814
1557234637.0465841,118.9,112.35849056603773,119.45837512537608,0.0,0.0
1557234638.0735,119.0,112.35849056603773,119.45837512537608,0.0,0.0
1557234639.101619,119.1,112.64150943396227,119.75927783350046,0.0,-0.283018867924539
1557234640.1282392,123.2,116.22641509433963,123.57071213640918,3.5849056603773555,3.5849056603773555
1557234641.155471,124.0,116.9811320754717,124.37311935807418,0.7547169811320728,0.7547169811320728
1557234642.182912,122.6,116.9811320754717,124.37311935807418,0.0,0.0
1557234643.210214,123.1,116.9811320754717,124.37311935807418,0.0,0.0
1557234644.237825,122.8,116.9811320754717,124.37311935807418,0.0,0.0
1557234645.265072,121.9,116.9811320754717,124.37311935807418,0.0,0.0
1557234646.29251,122.2,116.9811320754717,124.37311935807418,0.0,0.0
1557234647.3198678,122.3,116.9811320754717,124.37311935807418,0.0,0.0
1557234648.347286,123.6,116.9811320754717,124.37311935807418,0.0,0.0
1557234649.3747149,122.6,116.9811320754717,124.37311935807418,0.0,0.0
1557234650.402258,123.2,116.9811320754717,124.37311935807418,0.0,0.0
1557234651.429536,123.2,116.9811320754717,124.37311935807418,0.0,0.0
1557234652.4567559,125.2,118.11320754716982,125.57673019057167,0.8490566037735903,0.5660377358490647
1557234653.484171,125.6,118.49056603773585,125.97793380140415,0.0,-0.37735849056602966
1557234654.51167,126.2,119.05660377358491,126.5797392176529,0.0,-0.5660377358490646
1557234655.5388439,126.8,119.62264150943396,127.18154463390164,0.28301886792452563,0.0
1557234656.566598,127.3,120.0943396226415,127.68304914744225,0.09433962264150407,-0.283018867924539
1557234657.59361,128.1,120.84905660377358,128.48545636910725,0.5660377358490513,0.3773584905660297
1557234658.621472,129.0,121.69811320754717,129.3881644934804,0.8490566037735903,0.8490566037735903
1557234659.648074,129.0,124.24528301886791,132.09628886659974,0.0,-2.5471698113207437
1557234660.676419,130.1,124.24528301886791,132.09628886659974,0.0,0.0
1557234661.7033238,129.4,124.24528301886791,132.09628886659974,0.0,0.0
1557234662.7302861,129.7,124.24528301886791,132.09628886659974,0.0,0.0
1557234663.758071,129.8,124.24528301886791,132.09628886659974,0.0,0.0
1557234664.7849898,130.2,124.24528301886791,132.09628886659974,0.0,0.0
1557234665.812576,131.6,124.24528301886791,132.09628886659974,0.0,0.0
1557234666.839963,130.9,124.24528301886791,132.09628886659974,0.0,0.0
1557234667.867254,130.5,124.24528301886791,132.09628886659974,0.0,0.0
1557234668.894698,131.1,124.24528301886791,132.09628886659974,0.0,0.0
1557234669.9219651,130.9,124.24528301886791,132.09628886659974,0.0,0.0
1557234670.949363,131.6,124.24528301886791,132.09628886659974,0.0,0.0
1557234671.976835,130.7,124.24528301886791,132.09628886659974,0.0,0.0
1557234673.004724,131.5,124.24528301886791,132.09628886659974,0.0,0.0
1557234674.0318358,131.1,124.24528301886791,132.09628886659974,0.0,0.0
1557234675.059347,131.2,124.24528301886791,132.09628886659974,0.0,0.0
1557234676.0866299,130.8,124.24528301886791,132.09628886659974,0.0,0.0
1557234677.114032,130.7,124.24528301886791,132.09628886659974,0.0,0.0
1557234678.141353,130.8,124.24528301886791,132.09628886659974,0.0,0.0
1557234679.168788,131.0,124.24528301886791,132.09628886659974,0.0,0.0
1557234680.195755,131.4,124.24528301886791,132.09628886659974,0.0,0.0
1557234681.223457,132.3,124.81132075471699,132.6980942828485,0.0,-0.566037735849078
1557234682.250904,132.3,125.0,132.89869608826473,0.0,-0.18867924528300814
1557234683.2787578,132.8,125.28301886792454,133.19959879638913,0.283018867924539,0.283018867924539
1557234684.306428,133.0,125.47169811320755,133.40020060180535,0.18867924528300814,0.18867924528300814
1557234685.334044,133.1,125.75471698113209,133.70110330992975,0.0,-0.283018867924539
1557234686.361344,133.3,125.84905660377359,133.80140421263786,0.0,-0.09433962264150407
1557234687.389089,133.2,125.84905660377359,133.80140421263786,0.0,0.0
1557234688.416647,133.2,125.84905660377359,133.80140421263786,0.0,0.0
1557234689.444295,133.1,125.84905660377359,133.80140421263786,0.0,0.0
1557234690.47218,133.4,125.84905660377359,133.80140421263786,0.0,0.0
1557234691.499149,133.6,126.03773584905659,134.0020060180541,0.09433962264150407,0.0
1557234692.526666,131.6,126.03773584905659,134.0020060180541,0.0,0.0
1557234693.554422,135.2,127.54716981132073,135.60682046138407,1.5094339622641455,1.5094339622641455
1557234694.5814111,132.3,127.54716981132073,135.60682046138407,0.0,0.0
1557234695.608792,134.2,127.54716981132073,135.60682046138407,0.0,0.0
1557234696.63645,133.7,127.54716981132073,135.60682046138407,0.0,0.0
1557234697.663753,133.4,127.54716981132073,135.60682046138407,0.0,0.0
1557234698.69085,133.3,127.54716981132073,135.60682046138407,0.0,0.0
1557234699.718665,133.7,127.54716981132073,135.60682046138407,0.0,0.0
1557234700.746051,134.4,127.54716981132073,135.60682046138407,0.0,0.0
1557234701.773626,134.1,127.54716981132073,135.60682046138407,0.0,0.0
1557234702.801044,133.9,127.54716981132073,135.60682046138407,0.0,0.0
1557234703.8283362,133.4,127.54716981132073,135.60682046138407,0.0,0.0
1557234704.855757,133.5,127.54716981132073,135.60682046138407,0.0,0.0
1557234705.88337,133.9,127.54716981132073,135.60682046138407,0.0,0.0
1557234706.910486,134.1,127.54716981132073,135.60682046138407,0.0,0.0
1557234707.937957,134.7,127.54716981132073,135.60682046138407,0.0,0.0
1557234708.965224,135.4,127.73584905660377,135.80742226680033,0.18867924528303495,0.18867924528303495
1557234709.992419,135.7,128.01886792452828,136.1083249749247,0.2830188679245122,0.2830188679245122
1557234711.019976,135.8,128.11320754716982,136.20862587763284,0.09433962264153088,0.09433962264153088
1557234712.048009,135.3,128.11320754716982,136.20862587763284,0.0,0.0
1557234713.07514,135.7,128.11320754716982,136.20862587763284,0.0,0.0
1557234714.10246,135.7,129.62264150943398,137.81344032096283,0.0,-1.5094339622641455
1557234715.129898,136.2,129.62264150943398,137.81344032096283,0.0,0.0
1557234716.15744,136.3,129.62264150943398,137.81344032096283,0.0,0.0
1557234717.184801,136.1,129.62264150943398,137.81344032096283,0.0,0.0
1557234718.2124228,138.0,130.28301886792454,138.51554663991968,0.0,-0.6603773584905552
1557234719.240181,136.6,130.28301886792454,138.51554663991968,0.0,0.0
1557234720.267892,137.2,130.28301886792454,138.51554663991968,0.0,0.0
1557234721.2953331,137.5,130.28301886792454,138.51554663991968,0.0,0.0
1557234722.322507,134.0,130.28301886792454,138.51554663991968,0.0,0.0
1557234723.350064,134.2,130.28301886792454,138.51554663991968,0.0,0.0
1557234724.37793,134.7,130.28301886792454,138.51554663991968,0.0,0.0
1557234725.4043908,135.0,130.28301886792454,138.51554663991968,0.0,0.0
1557234726.4318342,136.1,130.28301886792454,138.51554663991968,0.0,0.0
1557234727.458984,136.7,130.28301886792454,138.51554663991968,0.0,0.0
1557234728.486454,137.2,130.28301886792454,138.51554663991968,0.0,0.0
1557234729.513601,138.4,130.56603773584908,138.81644934804407,0.283018867924539,0.283018867924539
1557234730.541343,137.9,130.56603773584908,138.81644934804407,0.0,0.0
1557234731.5685608,138.6,130.75471698113208,139.0170511534603,0.18867924528300814,0.18867924528300814
1557234732.596349,137.9,130.75471698113208,139.0170511534603,0.0,0.0
1557234733.6233652,137.9,130.75471698113208,139.0170511534603,0.0,0.0
1557234734.650866,138.3,130.75471698113208,139.0170511534603,0.0,0.0
1557234735.678232,139.8,131.8867924528302,140.22066198595783,0.283018867924539,-0.5660377358490513
1557234736.706086,139.4,131.8867924528302,140.22066198595783,0.0,0.0
1557234737.733462,140.0,132.0754716981132,140.42126379137406,0.18867924528300814,0.18867924528300814
1557234738.760951,140.4,132.45283018867926,140.82246740220657,0.3773584905660431,0.3773584905660431
1557234739.788597,142.0,133.9622641509434,142.42728184553656,1.5094339622641455,1.5094339622641455
1557234740.8161101,143.6,135.47169811320757,144.03209628886654,0.9433962264150942,0.377358490566043
1557234741.843348,143.8,135.6603773584906,144.2326980942828,0.18867924528303495,0.18867924528303495
1557234742.8710961,144.7,136.50943396226415,145.13540621865587,0.7547169811320593,0.6603773584905552
1557234743.898437,145.1,136.8867924528302,145.53660982948838,0.2830188679245122,0.1886792452829813
1557234744.925601,145.6,137.35849056603774,146.038114343029,0.4716981132075471,0.4716981132075471
1557234745.953131,145.7,137.45283018867926,146.13841524573712,0.09433962264150407,0.09433962264150407
1557234746.9808168,146.3,138.11320754716985,146.840521564694,0.0,-0.6603773584905821
1557234748.009015,146.5,138.20754716981136,146.9408224674021,0.09433962264150407,0.09433962264150407
1557234749.035467,147.1,138.7735849056604,147.54262788365085,0.4716981132075471,0.37735849056604304
1557234750.06272,147.1,138.7735849056604,147.54262788365085,0.0,0.0
1557234751.090374,146.4,138.7735849056604,147.54262788365085,0.0,0.0
1557234752.117631,147.0,138.7735849056604,147.54262788365085,0.0,0.0
1557234753.145256,148.0,139.622641509434,148.44533600802396,0.6603773584905552,0.4716981132075203
1557234754.172669,148.4,140.00000000000006,148.84653961885647,0.3773584905660431,0.3773584905660431
1557234755.2000158,148.5,140.09433962264157,148.94684052156458,0.09433962264150407,0.09433962264150407
1557234756.2276008,148.5,140.28301886792457,149.1474423269808,0.0,-0.18867924528300814
1557234757.254608,147.8,140.28301886792457,149.1474423269808,0.0,0.0
1557234758.2825868,147.2,140.28301886792457,149.1474423269808,0.0,0.0
1557234759.309794,147.8,140.28301886792457,149.1474423269808,0.0,0.0
1557234760.33795,147.4,140.28301886792457,149.1474423269808,0.0,0.0
1557234761.364449,147.3,140.28301886792457,149.1474423269808,0.0,0.0
1557234762.3918421,147.5,140.28301886792457,149.1474423269808,0.0,0.0
1557234763.4196212,147.5,140.28301886792457,149.1474423269808,0.0,0.0
1557234764.4472141,147.4,140.28301886792457,149.1474423269808,0.0,0.0
1557234765.473866,147.8,140.28301886792457,149.1474423269808,0.0,0.0
1557234766.501597,148.6,140.28301886792457,149.1474423269808,0.0,0.0
1557234767.5286431,148.9,140.4716981132076,149.34804413239706,0.18867924528303495,0.18867924528303495
1557234768.555804,149.0,140.5660377358491,149.44834503510518,0.0,-0.09433962264150407
1557234769.5830772,149.2,140.7547169811321,149.6489468405214,0.18867924528300814,0.18867924528300814
1557234770.610806,148.6,140.84905660377365,149.74924774322955,0.0,-0.09433962264153088
1557234771.638268,151.9,143.30188679245288,152.35707121364075,0.7547169811320862,-0.9433962264150675
1557234772.665788,151.6,143.30188679245288,152.35707121364075,0.0,0.0
1557234773.692887,151.4,143.30188679245288,152.35707121364075,0.0,0.0
1557234774.7206862,148.7,143.30188679245288,152.35707121364075,0.0,0.0
1557234775.747892,148.4,143.30188679245288,152.35707121364075,0.0,0.0
1557234776.775396,148.5,143.30188679245288,152.35707121364075,0.0,0.0
1557234777.8028271,148.4,143.30188679245288,152.35707121364075,0.0,0.0
1557234778.830369,148.8,143.30188679245288,152.35707121364075,0.0,0.0
1557234779.8576572,148.0,143.30188679245288,152.35707121364075,0.0,0.0
1557234780.88533,148.1,143.30188679245288,152.35707121364075,0.0,0.0
1557234781.912535,148.8,143.30188679245288,152.35707121364075,0.0,0.0
1557234782.940266,149.5,143.30188679245288,152.35707121364075,0.0,0.0
1557234783.9675882,149.8,143.30188679245288,152.35707121364075,0.0,0.0
1557234784.995283,149.9,143.30188679245288,152.35707121364075,0.0,0.0
1557234786.022657,150.3,143.30188679245288,152.35707121364075,0.0,0.0
1557234787.049268,150.4,143.30188679245288,152.35707121364075,0.0,0.0
1557234788.076663,150.3,143.30188679245288,152.35707121364075,0.0,0.0
1557234789.1043048,153.9,145.18867924528305,154.36308926780325,0.0,-1.8867924528301885
1557234790.1313431,154.0,145.28301886792457,154.46339017051136,0.0,-0.09433962264150407
1557234791.1590898,153.9,145.28301886792457,154.46339017051136,0.0,0.0
1557234792.186988,153.9,145.37735849056608,154.56369107321947,0.0,-0.09433962264150407
1557234793.2133539,154.1,145.75471698113213,154.96489468405198,0.0,-0.3773584905660431
1557234794.240663,154.5,145.75471698113213,154.96489468405198,0.0,0.0
1557234795.268061,154.2,145.75471698113213,154.96489468405198,0.0,0.0
1557234796.295136,151.2,145.75471698113213,154.96489468405198,0.0,0.0
1557234797.3227189,153.3,145.75471698113213,154.96489468405198,0.0,0.0
1557234798.349979,153.3,145.75471698113213,154.96489468405198,0.0,0.0
1557234799.377642,153.4,145.75471698113213,154.96489468405198,0.0,0.0
1557234800.404947,153.6,145.75471698113213,154.96489468405198,0.0,0.0
1557234801.4322371,154.1,145.75471698113213,154.96489468405198,0.0,0.0
1557234802.4595158,154.1,145.75471698113213,154.96489468405198,0.0,0.0
1557234803.48701,154.7,145.94339622641513,155.1654964894682,0.18867924528300814,0.18867924528300814
1557234804.514078,154.7,145.94339622641513,155.1654964894682,0.0,0.0
1557234805.5414422,154.8,146.03773584905667,155.26579739217635,0.0,-0.09433962264153088
1557234806.56881,155.0,146.32075471698118,155.56670010030072,0.0,-0.2830188679245122
1557234807.5959182,154.8,146.32075471698118,155.56670010030072,0.0,0.0
1557234808.623111,154.7,146.32075471698118,155.56670010030072,0.0,0.0
1557234809.650041,154.9,146.32075471698118,155.56670010030072,0.0,0.0
1557234810.677539,154.8,146.32075471698118,155.56670010030072,0.0,0.0
1557234811.704653,154.9,146.32075471698118,155.56670010030072,0.0,0.0
1557234812.73188,155.1,146.32075471698118,155.56670010030072,0.0,0.0
1557234813.759377,154.6,146.32075471698118,155.56670010030072,0.0,0.0
1557234814.786836,155.5,146.69811320754724,155.96790371113323,0.3773584905660431,0.3773584905660431
1557234815.814155,155.3,146.69811320754724,155.96790371113323,0.0,0.0
1557234816.841713,154.9,146.69811320754724,155.96790371113323,0.0,0.0
1557234817.869271,155.1,146.69811320754724,155.96790371113323,0.0,0.0
1557234818.896571,155.2,146.69811320754724,155.96790371113323,0.0,0.0
1557234819.923742,155.4,146.69811320754724,155.96790371113323,0.0,0.0
1557234820.950994,155.9,147.0754716981133,156.36910732196574,0.3773584905660431,0.3773584905660431
1557234821.978338,155.7,147.1698113207548,156.46940822467386,0.0,-0.09433962264150407
1557234823.005812,156.2,147.3584905660378,156.67001003009008,0.18867924528300814,0.18867924528300814
1557234824.033516,156.2,147.3584905660378,156.67001003009008,0.0,0.0
1557234825.060448,156.1,147.3584905660378,156.67001003009008,0.0,0.0
1557234826.087656,156.7,147.83018867924534,157.1715145436307,0.4716981132075471,0.4716981132075471
1557234827.1152132,156.9,148.0188679245284,157.37211634904696,0.09433962264150407,-2.681188604469753e-14
1557234828.1421702,157.1,148.2075471698114,157.5727181544632,0.0,-0.18867924528300814
1557234829.1703382,157.3,148.39622641509445,157.77331995987944,0.09433962264153088,2.681188604469753e-14
1557234830.19729,157.3,148.49056603773596,157.87362086258756,0.0,-0.09433962264150407
1557234831.224781,157.2,148.49056603773596,157.87362086258756,0.0,0.0
1557234832.251963,157.2,148.49056603773596,157.87362086258756,0.0,0.0
1557234833.2794838,157.3,148.49056603773596,157.87362086258756,0.0,0.0
1557234834.30671,157.3,148.49056603773596,157.87362086258756,0.0,0.0
1557234835.334461,157.7,148.77358490566047,158.17452357071193,0.2830188679245122,0.2830188679245122
1557234836.3619509,157.5,148.77358490566047,158.17452357071193,0.0,0.0
1557234837.38943,157.2,148.77358490566047,158.17452357071193,0.0,0.0
1557234838.4168682,157.3,148.77358490566047,158.17452357071193,0.0,0.0
1557234839.444127,157.2,148.77358490566047,158.17452357071193,0.0,0.0
1557234840.4713569,158.2,149.33962264150955,158.7763289869607,0.0,-0.566037735849078
1557234841.4992461,158.1,149.33962264150955,158.7763289869607,0.0,0.0
1557234842.526489,158.2,149.33962264150955,158.7763289869607,0.0,0.0
1557234843.55394,158.1,149.33962264150955,158.7763289869607,0.0,0.0
1557234844.581084,158.2,149.33962264150955,158.7763289869607,0.0,0.0
1557234845.608424,158.2,149.33962264150955,158.7763289869607,0.0,0.0
1557234846.6356149,158.0,149.33962264150955,158.7763289869607,0.0,0.0
1557234847.6629171,158.1,149.33962264150955,158.7763289869607,0.0,0.0
1557234848.6903481,158.2,149.33962264150955,158.7763289869607,0.0,0.0
1557234849.717473,159.6,150.56603773584914,160.08024072216628,0.4716981132075471,-0.2830188679245122
1557234850.74512,160.1,151.1320754716982,160.68204613841502,0.0,-0.5660377358490513
1557234851.772612,160.1,151.50943396226424,161.08324974924753,0.0,-0.3773584905660431
1557234852.8001332,160.9,151.98113207547178,161.58475426278815,0.0,-0.4716981132075471
1557234853.8276632,161.2,152.0754716981133,161.68505516549627,0.0,-0.09433962264150407
1557234854.855154,161.8,152.64150943396237,162.28686058174503,0.3773584905660431,0.18867924528300814
1557234855.882869,162.0,152.8301886792454,162.48746238716126,0.09433962264150407,0.0
1557234856.910006,161.8,152.8301886792454,162.48746238716126,0.0,0.0
1557234857.937649,162.3,153.11320754716994,162.78836509528566,0.283018867924539,0.283018867924539
1557234858.9649642,162.0,153.11320754716994,162.78836509528566,0.0,0.0
1557234859.9923751,162.3,153.11320754716994,162.78836509528566,0.0,0.0
1557234861.021815,162.0,153.11320754716994,162.78836509528566,0.0,0.0
1557234862.047649,162.2,153.11320754716994,162.78836509528566,0.0,0.0
1557234863.075217,162.8,153.58490566037747,163.28986960882628,0.18867924528303495,-0.09433962264147724
1557234864.102999,162.4,153.86792452830198,163.59077231695065,0.0,-0.2830188679245122
1557234865.130309,162.1,153.86792452830198,163.59077231695065,0.0,0.0
1557234866.157932,168.2,158.67924528301896,168.70611835506497,3.30188679245283,1.7924528301886846
1557234867.185143,174.7,164.8113207547171,175.22567703109306,2.3584905660377355,-1.4150943396226414
1557234868.212537,180.0,169.81132075471712,180.54162487462366,1.7924528301886846,-1.4150943396226412
1557234869.2400389,181.4,171.13207547169827,181.94583751253742,0.9433962264150942,0.5660377358490511
1557234870.267353,183.4,173.01886792452845,183.95185556669992,1.3207547169811373,0.7547169811320861
1557234871.294969,188.1,177.45283018867937,188.66599799398176,1.0377358490565984,-2.3584905660377355
1557234872.3225238,190.2,179.43396226415106,190.77231695085237,0.3773584905660163,-1.2264150943396601
1557234873.350101,191.6,180.7547169811322,192.1765295887661,0.5660377358490513,-0.18867924528303492
1557234874.377527,193.6,182.64150943396237,194.1825476429286,1.4150943396226414,0.9433962264150944
1557234875.4048,198.2,186.9811320754718,198.7963891675023,0.6603773584905552,-3.018867924528318
1557234876.432683,207.5,195.7547169811322,208.12437311935787,5.283018867924523,1.7924528301886578
1557234877.4601521,210.7,198.7735849056605,211.33400200601784,0.6603773584905552,-1.6981132075471803
1557234878.487662,212.2,200.18867924528314,212.8385155466397,1.4150943396226414,1.4150943396226414
1557234879.51501,212.5,200.47169811320768,213.1394182547641,0.283018867924539,0.283018867924539
1557234880.542572,212.7,200.66037735849068,213.34002006018034,0.18867924528300814,0.18867924528300814
1557234881.570097,212.9,200.8490566037737,213.5406218655966,0.18867924528303495,0.18867924528303495
1557234882.5975838,213.2,201.22641509433976,213.9418254764291,0.0,-0.3773584905660431
1557234883.625024,214.1,201.9811320754718,214.74423269809407,0.0,-0.7547169811320593
1557234884.6525419,215.2,203.0188679245284,215.84754262788343,0.7547169811320593,0.4716981132075203
1557234885.680011,214.9,203.0188679245284,215.84754262788343,0.0,0.0
1557234886.707458,215.7,203.49056603773596,216.34904714142405,0.3773584905660163,0.2830188679244854
1557234887.734865,215.7,203.49056603773596,216.34904714142405,0.0,0.0
1557234888.7623942,215.7,203.49056603773596,216.34904714142405,0.0,0.0
1557234889.789957,215.5,203.5849056603775,216.4493480441322,0.0,-0.09433962264153088
1557234890.817186,215.5,203.5849056603775,216.4493480441322,0.0,0.0
1557234891.8450198,217.3,205.00000000000014,217.95386158475407,1.4150943396226414,1.4150943396226414
1557234892.8721778,218.5,206.13207547169824,219.15747241725154,0.7547169811320862,0.3773584905660699
1557234893.89996,218.1,206.13207547169824,219.15747241725154,0.0,0.0
1557234894.927425,217.6,206.13207547169824,219.15747241725154,0.0,0.0
1557234895.954772,217.8,206.13207547169824,219.15747241725154,0.0,0.0
1557234896.982186,218.0,206.13207547169824,219.15747241725154,0.0,0.0
1557234898.010533,218.3,206.13207547169824,219.15747241725154,0.0,0.0
1557234899.037081,225.6,212.8301886792454,226.27883650952836,6.6981132075471645,6.6981132075471645
1557234900.064897,239.5,227.8301886792454,242.22668004012013,0.0,-15.000000000000005
1557234901.09203,243.2,229.43396226415103,243.93179538615823,1.4150943396226414,1.2264150943396332
1557234902.119875,249.0,234.9056603773586,249.74924774322946,4.622641509433968,3.7735849056603774
1557234903.14765,279.4,263.58490566037744,280.24072216649927,17.83018867924526,6.981132075471676
1557234904.174765,288.2,271.8867924528303,289.0672016048142,3.018867924528291,-2.2641509433962583
1557234905.20239,291.5,275.0000000000001,292.3771313941823,1.1320754716981025,-0.8490566037736169
1557234906.229843,291.9,275.37735849056617,292.77833500501475,0.18867924528300814,0.0
1557234907.2569978,292.5,275.94339622641525,293.38014042126355,0.0,-0.566037735849078
1557234908.284682,293.1,276.5094339622643,293.98194583751234,0.0,-0.566037735849078
1557234909.311997,293.7,277.07547169811335,294.5837512537611,0.09433962264147726,-0.37735849056606985
1557234910.339815,294.3,277.6415094339624,295.1855566700099,0.566037735849078,0.566037735849078
1557234911.3671381,294.6,278.11320754716996,295.6870611835505,0.0,-0.4716981132075471
1557234912.394706,294.9,278.20754716981145,295.7873620862586,0.09433962264147726,0.09433962264147726
1557234913.42193,296.7,279.90566037735863,297.5927783350049,0.5660377358490244,-0.5660377358491316
1557234914.4497259,297.3,280.4716981132077,298.1945837512537,0.09433962264153088,-0.3773584905660162
1557234915.4768908,297.3,280.4716981132077,298.1945837512537,0.0,0.0
1557234916.504776,297.6,280.7547169811323,298.49548645937807,0.18867924528306176,0.0943396226415845
1557234917.5316422,297.4,280.7547169811323,298.49548645937807,0.0,0.0
1557234918.5595908,298.0,281.13207547169833,298.8966900702105,0.18867924528300814,0.0
1557234919.586493,297.8,281.13207547169833,298.8966900702105,0.0,0.0
1557234920.613837,297.9,281.13207547169833,298.8966900702105,0.0,0.0
1557234921.641325,297.7,281.13207547169833,298.8966900702105,0.0,0.0
1557234922.669326,297.6,281.13207547169833,298.8966900702105,0.0,0.0
1557234923.696574,298.0,281.13207547169833,298.8966900702105,0.0,0.0
1557234924.724687,298.2,281.32075471698136,299.0972918756268,0.09433962264147726,-5.362377208939506e-14
1557234925.75124,298.1,281.32075471698136,299.0972918756268,0.0,0.0
1557234926.778614,297.3,281.32075471698136,299.0972918756268,0.0,0.0
1557234927.806166,297.5,281.32075471698136,299.0972918756268,0.0,0.0
1557234928.8334239,297.4,281.32075471698136,299.0972918756268,0.0,0.0
1557234929.8609211,297.6,281.32075471698136,299.0972918756268,0.0,0.0
1557234930.888347,297.6,281.32075471698136,299.0972918756268,0.0,0.0
1557234931.916079,297.8,281.32075471698136,299.0972918756268,0.0,0.0
1557234932.943743,297.8,281.32075471698136,299.0972918756268,0.0,0.0
1557234933.971088,298.0,281.32075471698136,299.0972918756268,0.0,0.0
1557234934.998846,297.5,281.32075471698136,299.0972918756268,0.0,0.0
1557234936.0262709,297.8,281.32075471698136,299.0972918756268,0.0,0.0
1557234937.0535228,298.3,281.4150943396229,299.197592778335,0.09433962264153088,0.09433962264153088
1557234938.0810509,298.8,281.88679245283043,299.6990972918756,0.4716981132075471,0.4716981132075471
1557234939.108672,299.1,282.169811320755,300.0,0.09433962264153088,-0.09433962264147726
1557234940.1355898,298.4,282.169811320755,300.0,0.0,0.0
1557234941.163064,298.5,282.169811320755,300.0,0.0,0.0
1557234942.190439,298.7,282.169811320755,300.0,0.0,0.0
1557234943.217941,299.5,282.547169811321,300.40120361083245,0.3773584905660163,0.3773584905660163
1557234944.245355,300.4,283.39622641509453,301.30391173520553,0.4716981132075471,0.09433962264153084
1557234945.273055,300.9,283.86792452830207,301.80541624874616,0.18867924528300814,-0.09433962264153087
1557234946.299941,301.4,284.3396226415096,302.3069207622868,0.18867924528300814,-0.09433962264153087
1557234947.3275552,302.0,285.0000000000002,303.0090270812437,0.0,-0.6603773584906089
1557234948.355048,302.3,285.18867924528325,303.2096288866599,0.0,-0.18867924528300814
1557234949.3825312,302.5,285.3773584905663,303.41023069207614,0.18867924528300814,0.18867924528300814
1557234950.409769,302.6,285.4716981132078,303.5105315947843,0.0,-0.09433962264153088
1557234951.437433,302.3,285.4716981132078,303.5105315947843,0.0,0.0
1557234952.4649112,302.2,285.4716981132078,303.5105315947843,0.0,0.0
1557234953.492376,302.2,285.4716981132078,303.5105315947843,0.0,0.0
1557234954.5198941,302.3,285.4716981132078,303.5105315947843,0.0,0.0
1557234955.547477,302.4,285.4716981132078,303.5105315947843,0.0,0.0
1557234956.574503,302.4,285.4716981132078,303.5105315947843,0.0,0.0
1557234957.602155,302.3,285.4716981132078,303.5105315947843,0.0,0.0
1557234958.6294022,302.5,285.4716981132078,303.5105315947843,0.0,0.0
1557234959.656594,302.8,285.66037735849085,303.71113340020054,0.18867924528300814,0.18867924528300814
1557234960.684147,304.3,287.0754716981135,305.2156469408224,1.4150943396226414,1.4150943396226414
1557234961.711304,302.5,287.0754716981135,305.2156469408224,0.0,0.0
1557234962.7387671,302.4,287.0754716981135,305.2156469408224,0.0,0.0
1557234963.766201,302.2,287.0754716981135,305.2156469408224,0.0,0.0
1557234964.79367,302.1,287.0754716981135,305.2156469408224,0.0,0.0
1557234965.821318,302.0,287.0754716981135,305.2156469408224,0.0,0.0
1557234966.8488371,302.0,287.0754716981135,305.2156469408224,0.0,0.0
1557234967.876576,302.3,287.0754716981135,305.2156469408224,0.0,0.0
1557234968.9041111,303.4,287.0754716981135,305.2156469408224,0.0,0.0
1557234969.931896,303.5,287.0754716981135,305.2156469408224,0.0,0.0
1557234970.95938,303.6,287.0754716981135,305.2156469408224,0.0,0.0
1557234971.987026,303.3,287.0754716981135,305.2156469408224,0.0,0.0
1557234973.0142121,303.3,287.0754716981135,305.2156469408224,0.0,0.0
1557234974.042132,303.6,287.0754716981135,305.2156469408224,0.0,0.0
1557234975.069372,303.4,287.0754716981135,305.2156469408224,0.0,0.0
1557234976.096877,303.1,287.0754716981135,305.2156469408224,0.0,0.0
1557234977.124397,303.1,287.0754716981135,305.2156469408224,0.0,0.0
1557234978.1518521,303.5,287.0754716981135,305.2156469408224,0.0,0.0
1557234979.1792672,303.4,287.0754716981135,305.2156469408224,0.0,0.0
1557234980.206683,303.6,287.0754716981135,305.2156469408224,0.0,0.0
1557234981.2342222,303.2,287.0754716981135,305.2156469408224,0.0,0.0
1557234982.261744,303.5,287.0754716981135,305.2156469408224,0.0,0.0
1557234983.289702,303.7,287.0754716981135,305.2156469408224,0.0,0.0
1557234984.316535,302.7,287.0754716981135,305.2156469408224,0.0,0.0
1557234985.343924,303.4,287.0754716981135,305.2156469408224,0.0,0.0
1557234986.3712919,303.3,287.0754716981135,305.2156469408224,0.0,0.0
1557234987.398709,303.0,287.0754716981135,305.2156469408224,0.0,0.0
1557234988.4262662,303.1,287.0754716981135,305.2156469408224,0.0,0.0
1557234989.45342,305.5,288.2075471698116,306.4192577733199,1.1320754716981025,1.1320754716981025
1557234990.480468,309.9,292.35849056603803,310.83249749247733,1.4150943396226414,-1.3207547169811105
1557234991.508137,315.3,297.45283018867957,316.2487462387161,2.075471698113197,-0.9433962264151479
1557234992.535417,317.2,299.24528301886824,318.1544633901704,0.6603773584905552,-0.4716981132075473
1557234993.5628328,318.8,300.7547169811324,319.75927783350045,0.566037735849078,-0.3773584905660162
1557234994.590404,319.0,301.0377358490569,320.06018054162485,0.0,-0.283018867924539
1557234995.617484,319.9,301.79245283018895,320.8625877632898,0.2830188679244854,-0.18867924528306174
1557234996.644769,320.0,301.98113207547203,321.0631895687061,0.0,-0.18867924528306176
1557234997.672322,321.4,303.2075471698116,322.3671013039116,0.3773584905660163,-0.4716981132075471
1557234998.699818,322.4,304.1509433962267,323.3701103309929,0.5660377358490244,0.1886792452829545
1557234999.726954,320.7,304.4339622641512,323.67101303911727,0.0,-0.283018867924539
1557235000.754616,321.4,304.4339622641512,323.67101303911727,0.0,0.0
1557235001.7817018,321.4,304.4339622641512,323.67101303911727,0.0,0.0
1557235002.809252,321.9,304.4339622641512,323.67101303911727,0.0,0.0
1557235003.836352,322.0,304.4339622641512,323.67101303911727,0.0,0.0
1557235004.8637671,322.4,304.4339622641512,323.67101303911727,0.0,0.0
1557235005.8909922,322.6,304.62264150943423,323.8716148445335,0.0,-0.18867924528300814
1557235006.91858,322.7,304.62264150943423,323.8716148445335,0.0,0.0
1557235007.945784,322.3,304.62264150943423,323.8716148445335,0.0,0.0
1557235008.9730308,323.4,305.09433962264177,324.3731193580741,0.4716981132075471,0.4716981132075471
1557235010.0004969,323.0,305.09433962264177,324.3731193580741,0.0,0.0
1557235011.027343,323.3,305.09433962264177,324.3731193580741,0.0,0.0
1557235012.054805,323.5,305.1886792452833,324.4734202607823,0.09433962264153088,0.09433962264153088
1557235013.082552,324.7,306.3207547169814,325.67703109327977,0.6603773584905552,0.1886792452830081
1557235014.110446,325.0,306.6037735849059,325.97793380140416,0.283018867924539,0.283018867924539
1557235015.137179,325.7,307.26415094339643,326.680040120361,0.3773584905660163,0.09433962264147727
1557235016.16458,325.2,307.26415094339643,326.680040120361,0.0,0.0
1557235017.1918879,325.3,307.26415094339643,326.680040120361,0.0,0.0
1557235018.2191098,325.5,307.26415094339643,326.680040120361,0.0,0.0
1557235019.246312,325.7,307.6415094339625,327.0812437311935,0.0,-0.3773584905660699
1557235020.273729,326.5,308.0188679245285,327.482447342026,0.3773584905660163,0.3773584905660163
1557235021.300939,326.9,308.3962264150945,327.88365095285843,0.0,-0.3773584905660163
1557235022.327977,326.7,308.3962264150945,327.88365095285843,0.0,0.0
1557235023.355594,326.6,308.3962264150945,327.88365095285843,0.0,0.0
1557235024.383212,326.0,308.3962264150945,327.88365095285843,0.0,0.0
1557235025.409997,326.1,308.3962264150945,327.88365095285843,0.0,0.0
1557235026.43704,326.7,308.3962264150945,327.88365095285843,0.0,0.0
1557235027.464393,327.5,308.96226415094355,328.48545636910717,0.18867924528300814,-0.18867924528306176
1557235028.491526,328.0,309.4339622641511,328.9869608826478,0.4716981132075471,0.4716981132075471
1557235029.518961,328.4,309.8113207547171,329.3881644934803,0.09433962264147726,-0.18867924528306174
1557235030.546229,328.4,309.8113207547171,329.3881644934803,0.0,0.0
1557235031.573641,328.9,310.2830188679247,329.8896690070209,0.2830188679244854,0.09433962264142362
1557235032.6011362,329.0,310.3773584905662,329.9899699097291,0.09433962264153088,0.09433962264153088
1557235033.628435,329.4,310.7547169811322,330.39117352056155,0.3773584905660163,0.3773584905660163
1557235034.655991,329.0,310.7547169811322,330.39117352056155,0.0,0.0
1557235035.683558,329.1,310.7547169811322,330.39117352056155,0.0,0.0
1557235036.710996,329.2,310.7547169811322,330.39117352056155,0.0,0.0
1557235037.738467,328.8,310.7547169811322,330.39117352056155,0.0,0.0
1557235038.765774,330.0,311.3207547169813,330.99297893681035,0.566037735849078,0.566037735849078
1557235039.79322,331.6,312.83018867924545,332.59779338014033,1.5094339622641724,1.5094339622641724
1557235040.820833,330.4,313.3962264150945,333.19959879638907,0.0,-0.5660377358490244
1557235041.847767,330.6,313.3962264150945,333.19959879638907,0.0,0.0
1557235042.875178,332.2,313.3962264150945,333.19959879638907,0.0,0.0
1557235043.902269,332.6,313.7735849056606,333.6008024072216,0.18867924528306176,5.362377208939506e-14
1557235044.929701,332.7,313.9622641509436,333.8014042126378,0.0,-0.18867924528300814
1557235045.957062,333.4,314.52830188679263,334.40320962888654,0.5660377358490244,0.5660377358490244
1557235046.984122,333.6,315.00000000000017,334.90471414242717,0.0,-0.4716981132075471
1557235048.011405,334.4,315.4716981132077,335.4062186559678,0.4716981132075471,0.4716981132075471
1557235049.038931,335.1,316.1320754716983,336.1083249749247,0.283018867924539,-0.0943396226415309
1557235050.066931,334.0,316.1320754716983,336.1083249749247,0.0,0.0
1557235051.0941749,333.9,316.1320754716983,336.1083249749247,0.0,0.0
1557235052.122039,331.4,316.1320754716983,336.1083249749247,0.0,0.0
1557235053.1485069,329.6,316.1320754716983,336.1083249749247,0.0,0.0
1557235054.17589,331.1,316.1320754716983,336.1083249749247,0.0,0.0
1557235055.203688,331.4,316.1320754716983,336.1083249749247,0.0,0.0
1557235056.2312262,331.3,316.1320754716983,336.1083249749247,0.0,0.0
1557235057.2582378,330.7,316.1320754716983,336.1083249749247,0.0,0.0
1557235058.286119,331.6,316.1320754716983,336.1083249749247,0.0,0.0
1557235059.313629,331.7,316.1320754716983,336.1083249749247,0.0,0.0
1557235060.341184,332.6,316.1320754716983,336.1083249749247,0.0,0.0
1557235061.368424,331.5,316.1320754716983,336.1083249749247,0.0,0.0
1557235062.3960068,331.4,316.1320754716983,336.1083249749247,0.0,0.0
1557235063.423392,331.5,316.1320754716983,336.1083249749247,0.0,0.0
1557235064.450905,329.9,316.1320754716983,336.1083249749247,0.0,0.0
1557235065.477955,329.5,316.1320754716983,336.1083249749247,0.0,0.0
1557235066.5054872,330.1,316.1320754716983,336.1083249749247,0.0,0.0
1557235067.533105,330.6,316.1320754716983,336.1083249749247,0.0,0.0
1557235068.560763,330.6,316.1320754716983,336.1083249749247,0.0,0.0
1557235069.5880718,330.4,316.1320754716983,336.1083249749247,0.0,0.0
1557235070.6154199,329.7,316.1320754716983,336.1083249749247,0.0,0.0
1557235071.642731,329.4,316.1320754716983,336.1083249749247,0.0,0.0
1557235072.670478,329.8,316.1320754716983,336.1083249749247,0.0,0.0
1557235073.697495,329.3,316.1320754716983,336.1083249749247,0.0,0.0
1557235074.724885,329.5,316.1320754716983,336.1083249749247,0.0,0.0
1557235075.752332,328.9,316.1320754716983,336.1083249749247,0.0,0.0
1557235076.7796779,329.2,316.1320754716983,336.1083249749247,0.0,0.0
1557235077.807169,329.5,316.1320754716983,336.1083249749247,0.0,0.0
1557235078.834518,329.2,316.1320754716983,336.1083249749247,0.0,0.0
1557235079.861774,329.1,316.1320754716983,336.1083249749247,0.0,0.0
1557235080.889295,329.1,316.1320754716983,336.1083249749247,0.0,0.0
1557235081.9165819,329.3,316.1320754716983,336.1083249749247,0.0,0.0
1557235082.9444249,329.3,316.1320754716983,336.1083249749247,0.0,0.0
1557235083.971843,333.2,316.1320754716983,336.1083249749247,0.0,0.0
1557235084.999295,333.6,316.1320754716983,336.1083249749247,0.0,0.0
1557235086.0264928,333.4,316.1320754716983,336.1083249749247,0.0,0.0
1557235087.054195,333.8,316.1320754716983,336.1083249749247,0.0,0.0
1557235088.081582,333.7,316.1320754716983,336.1083249749247,0.0,0.0
1557235089.109281,333.6,316.1320754716983,336.1083249749247,0.0,0.0
1557235090.1368861,333.4,316.1320754716983,336.1083249749247,0.0,0.0
1557235091.163979,333.6,316.1320754716983,336.1083249749247,0.0,0.0
1557235092.1923048,333.6,316.1320754716983,336.1083249749247,0.0,0.0
1557235093.219247,333.8,316.1320754716983,336.1083249749247,0.0,0.0
1557235094.246729,333.5,316.1320754716983,336.1083249749247,0.0,0.0
1557235095.274209,333.7,316.1320754716983,336.1083249749247,0.0,0.0
1557235096.301682,333.7,316.1320754716983,336.1083249749247,0.0,0.0
1557235097.3294332,333.7,316.1320754716983,336.1083249749247,0.0,0.0
1557235098.357103,333.4,316.1320754716983,336.1083249749247,0.0,0.0
1557235099.3845801,333.4,316.1320754716983,336.1083249749247,0.0,0.0
1557235100.411613,333.6,316.1320754716983,336.1083249749247,0.0,0.0
1557235101.438926,333.4,316.1320754716983,336.1083249749247,0.0,0.0
1557235102.466111,333.7,316.1320754716983,336.1083249749247,0.0,0.0
1557235103.4933,333.6,316.1320754716983,336.1083249749247,0.0,0.0
1557235104.520561,333.6,316.1320754716983,336.1083249749247,0.0,0.0
1557235105.5487502,333.3,316.1320754716983,336.1083249749247,0.0,0.0
1557235106.5756521,333.4,316.1320754716983,336.1083249749247,0.0,0.0
1557235107.603307,333.5,316.1320754716983,336.1083249749247,0.0,0.0
1557235108.63038,333.8,316.1320754716983,336.1083249749247,0.0,0.0
1557235109.657645,333.5,316.1320754716983,336.1083249749247,0.0,0.0
1557235110.6865,333.4,316.1320754716983,336.1083249749247,0.0,0.0
1557235111.713273,333.9,316.1320754716983,336.1083249749247,0.0,0.0
1557235112.740127,333.8,316.1320754716983,336.1083249749247,0.0,0.0
1557235113.767301,333.9,316.1320754716983,336.1083249749247,0.0,0.0
1557235114.794743,334.1,316.1320754716983,336.1083249749247,0.0,0.0
1557235115.821839,334.7,316.1320754716983,336.1083249749247,0.0,0.0
1557235116.848725,335.3,316.3207547169813,336.3089267803409,0.18867924528300814,0.18867924528300814
1557235117.8761668,335.8,316.79245283018884,336.81043129388155,0.18867924528300814,-0.09433962264153087
1557235118.903522,336.0,316.98113207547186,337.0110330992978,0.18867924528300814,0.18867924528300814
1557235119.93103,336.1,317.35849056603786,337.41223671013023,0.0,-0.3773584905660163
1557235120.958206,336.0,317.35849056603786,337.41223671013023,0.0,0.0
1557235121.985968,336.1,317.35849056603786,337.41223671013023,0.0,0.0
1557235123.013493,336.0,317.35849056603786,337.41223671013023,0.0,0.0
1557235124.040879,336.1,317.4528301886794,337.5125376128384,0.0,-0.09433962264153088
1557235125.068137,335.9,317.4528301886794,337.5125376128384,0.0,0.0
1557235126.096003,336.4,317.4528301886794,337.5125376128384,0.0,0.0
1557235127.12338,336.6,317.54716981132094,337.61283851554657,0.09433962264153088,0.09433962264153088
1557235128.1507351,336.6,317.6415094339624,337.7131394182547,0.0,-0.09433962264147726
1557235129.179091,337.4,318.30188679245293,338.41524573721154,0.3773584905660163,0.09433962264147727
1557235130.205494,337.6,318.490566037736,338.6158475426278,0.18867924528306176,0.18867924528306176
1557235131.233182,337.3,318.490566037736,338.6158475426278,0.0,0.0
1557235132.260874,337.3,318.490566037736,338.6158475426278,0.0,0.0
1557235133.2879949,337.2,318.490566037736,338.6158475426278,0.0,0.0
1557235134.315511,337.5,318.490566037736,338.6158475426278,0.0,0.0
1557235135.3430789,338.1,318.96226415094355,339.11735205616844,0.4716981132075471,0.4716981132075471
1557235136.370749,338.0,318.96226415094355,339.11735205616844,0.0,0.0
1557235137.398189,338.2,319.05660377358504,339.21765295887656,0.09433962264147726,0.09433962264147726
1557235138.425566,338.2,319.5283018867926,339.7191574724172,0.0,-0.4716981132075471
1557235139.453154,338.1,319.5283018867926,339.7191574724172,0.0,0.0
1557235140.480128,338.4,319.5283018867926,339.7191574724172,0.0,0.0
1557235141.507495,339.2,320.0000000000001,340.2206619859578,0.4716981132075471,0.4716981132075471
1557235142.534936,340.1,320.8490566037737,341.12337011033094,0.3773584905660699,-0.09433962264147722
1557235143.56201,341.2,321.88679245283026,342.2266800401203,0.5660377358490244,0.09433962264147727
1557235144.5891972,341.8,322.4528301886793,342.8284854563691,0.283018867924539,0.0
1557235145.616661,342.3,322.9245283018868,343.3299899699097,0.3773584905660699,0.28301886792459263
1557235146.6437461,343.0,323.5849056603774,344.0320962888666,0.09433962264153088,-0.4716981132074935
1557235147.671154,343.5,324.0566037735849,344.53360080240725,0.4716981132075471,0.4716981132075471
1557235148.698426,343.4,324.0566037735849,344.53360080240725,0.0,0.0
1557235149.725706,343.5,324.0566037735849,344.53360080240725,0.0,0.0
1557235150.753083,343.6,324.15094339622647,344.6339017051154,0.0,-0.09433962264153088
1557235151.780499,343.3,324.15094339622647,344.6339017051154,0.0,0.0
1557235152.807408,343.4,324.15094339622647,344.6339017051154,0.0,0.0
1557235153.834922,343.3,324.15094339622647,344.6339017051154,0.0,0.0
1557235154.8622751,343.3,324.15094339622647,344.6339017051154,0.0,0.0
1557235155.8899,343.1,324.15094339622647,344.6339017051154,0.0,0.0
1557235156.916832,343.4,324.15094339622647,344.6339017051154,0.0,0.0
1557235157.944653,343.0,324.15094339622647,344.6339017051154,0.0,0.0
1557235158.9715672,344.2,324.7169811320755,345.23570712136416,0.5660377358490244,0.5660377358490244
1557235159.9985821,345.2,325.66037735849056,346.2387161484454,0.6603773584905552,0.3773584905660162
1557235161.0259898,346.6,326.9811320754717,347.64292878635916,0.849056603773617,0.3773584905660699
1557235162.053515,347.1,327.45283018867923,348.1444332998998,0.4716981132075471,0.4716981132075471
1557235163.0808861,347.7,328.01886792452825,348.7462387161485,0.283018867924539,5.362377208939506e-14
1557235164.1084569,348.2,328.4905660377358,349.24774322968915,0.18867924528300814,-0.09433962264153087
1557235165.135613,348.5,328.7735849056603,349.54864593781355,0.283018867924539,0.283018867924539
1557235166.1632981,348.4,328.7735849056603,349.54864593781355,0.0,0.0
1557235167.190649,348.3,328.7735849056603,349.54864593781355,0.0,0.0
1557235168.218188,348.6,328.86792452830184,349.6489468405217,0.0,-0.09433962264153088
1557235169.245353,348.8,329.15094339622635,349.94984954864606,0.0,-0.2830188679244854
1557235170.272887,348.9,329.43396226415086,350.25075225677045,0.0,-0.283018867924539
1557235171.3002188,349.3,329.5283018867924,350.3510531594786,0.09433962264153088,0.09433962264153088
1557235172.327412,349.4,329.6226415094339,350.45135406218674,0.09433962264147726,0.09433962264147726
1557235173.354804,349.5,329.71698113207543,350.5516549648949,0.0,-0.09433962264153088
1557235174.3825018,349.4,329.71698113207543,350.5516549648949,0.0,0.0
1557235175.409327,349.6,329.811320754717,350.6519558676031,0.09433962264153088,0.09433962264153088
1557235176.4368908,349.5,329.811320754717,350.6519558676031,0.0,0.0
1557235177.464396,349.5,329.811320754717,350.6519558676031,0.0,0.0
1557235178.491702,349.8,330.0,350.85255767301936,0.09433962264153088,5.362377208939506e-14
1557235179.519192,349.4,330.0,350.85255767301936,0.0,0.0
1557235180.5461261,349.7,330.0,350.85255767301936,0.0,0.0
1557235181.573565,350.1,330.2830188679245,351.15346038114376,0.283018867924539,0.283018867924539
1557235182.601056,350.1,330.2830188679245,351.15346038114376,0.0,0.0
1557235183.628483,349.8,330.2830188679245,351.15346038114376,0.0,0.0
1557235184.655499,350.1,330.2830188679245,351.15346038114376,0.0,0.0
1557235185.683071,350.0,330.2830188679245,351.15346038114376,0.0,0.0
1557235186.7101629,350.3,330.47169811320754,351.35406218656004,0.09433962264153088,5.362377208939506e-14
1557235187.737518,350.4,330.566037735849,351.45436308926816,0.09433962264147726,0.09433962264147726
1557235188.764747,350.3,330.566037735849,351.45436308926816,0.0,0.0
1557235189.7925608,350.5,330.66037735849056,351.5546639919763,0.09433962264153088,0.09433962264153088
1557235190.819592,354.2,334.1509433962264,355.2657973921769,2.3584905660377355,1.226415094339633
1557235191.8469582,361.4,340.9433962264151,362.4874623871619,5.188679245283018,3.584905660377369
1557235192.8740711,371.3,350.2830188679245,372.4172517552662,0.3773584905660699,-8.584905660377325
1557235193.902324,374.0,352.8301886792452,375.12537612838554,1.6037735849056496,0.6603773584905553
1557235194.928867,376.7,355.37735849056594,377.8335005015049,0.4716981132075471,-1.6037735849056498
1557235195.956189,377.7,356.320754716981,378.83650952858613,0.283018867924539,-0.3773584905660162
1557235196.983671,380.8,359.24528301886784,381.945837512538,1.6037735849056496,0.2830188679244854
1557235198.011213,383.4,361.69811320754707,384.5536609829492,1.2264150943395797,-5.3512749786932545e-14
1557235199.038589,392.3,370.0943396226414,393.4804413239723,6.886792452830199,5.377358490566026
1557235200.066185,413.7,390.28301886792445,414.9448345035109,4.716981132075471,-10.754716981132054
1557235201.093547,419.0,395.28301886792445,420.26078234704147,3.4905660377358383,1.981132075471666
1557235202.1210701,422.6,398.6792452830188,423.871614844534,1.2264150943396332,-0.9433962264150941
1557235203.147894,423.4,399.4339622641508,424.6740220661989,0.3773584905660163,0.0
1557235204.1756852,424.9,400.8490566037734,426.1785356068208,0.3773584905660163,-0.6603773584906087
1557235205.2030988,425.3,401.2264150943395,426.57973921765335,0.09433962264153088,-0.1886792452830081
1557235206.230187,425.4,401.509433962264,426.88064192577775,0.0,-0.283018867924539
1557235207.257567,426.5,402.3584905660375,427.78335005015083,0.4716981132075471,0.09433962264153084
1557235208.2847412,426.6,402.641509433962,428.0842527582752,0.0,-0.283018867924539
1557235209.312125,427.0,402.83018867924505,428.28485456369145,0.18867924528300814,0.18867924528300814
1557235210.339506,427.0,402.83018867924505,428.28485456369145,0.0,0.0
1557235211.366753,427.6,403.39622641509413,428.88665997994025,0.09433962264153088,-0.3773584905660162
1557235212.3945029,427.7,403.4905660377356,428.98696088264836,0.09433962264147726,0.09433962264147726
1557235213.421761,428.1,403.86792452830167,429.3881644934809,0.3773584905660699,0.3773584905660699
1557235214.44902,428.1,403.86792452830167,429.3881644934809,0.0,0.0
1557235215.4760299,429.0,404.71698113207526,430.29087261785395,0.18867924528300814,-0.47169811320754707
1557235216.503506,429.7,405.37735849056577,430.9929789368108,0.283018867924539,-0.09433962264147727
1557235217.530972,430.2,405.8490566037733,431.4944834503514,0.18867924528300814,-0.09433962264153087
1557235218.55845,430.7,406.32075471698084,431.99598796389205,0.283018867924539,0.09433962264153087
1557235219.5857458,431.4,406.98113207547135,432.6980942828489,0.3773584905660163,0.09433962264147727
1557235220.613386,432.0,407.5471698113204,433.2998996990977,0.283018867924539,0.0
1557235221.640909,432.6,408.1132075471694,433.9017051153465,0.283018867924539,0.0
1557235222.6680331,433.0,408.4905660377354,434.30290872617894,0.3773584905660163,0.3773584905660163
1557235223.6958458,433.1,408.58490566037693,434.4032096288871,0.0,-0.09433962264153088
1557235224.723073,433.1,408.77358490565996,434.60381143430334,0.0,-0.18867924528300814
1557235225.749985,433.1,408.77358490565996,434.60381143430334,0.0,0.0
1557235226.777515,432.9,408.77358490565996,434.60381143430334,0.0,0.0
1557235227.8045619,433.3,408.77358490565996,434.60381143430334,0.0,0.0
1557235228.832143,433.6,409.05660377358447,434.90471414242774,0.0,-0.283018867924539
1557235229.8593018,433.6,409.05660377358447,434.90471414242774,0.0,0.0
1557235230.886512,433.8,409.2452830188675,435.10531594784396,0.18867924528300814,0.18867924528300814
1557235231.91365,434.3,409.71698113207503,435.6068204613846,0.3773584905660699,0.28301886792459263
1557235232.940898,434.2,409.71698113207503,435.6068204613846,0.0,0.0
1557235233.9680262,434.8,410.1886792452826,436.1083249749252,0.4716981132075471,0.4716981132075471
1557235234.995456,439.1,414.24528301886744,440.42126379137454,1.9811320754717194,-0.09433962264147744
1557235236.022484,442.9,417.83018867924477,444.2326980942832,1.6037735849056496,-0.37735849056601634
1557235237.049407,446.7,421.4150943396221,448.0441323971919,2.075471698113197,0.5660377358490245
1557235238.076619,451.8,426.2264150943391,453.15947843530626,2.075471698113197,-0.6603773584906087
1557235239.1033201,478.7,451.60377358490507,480.1404212637917,17.641509433962252,9.90566037735849
1557235240.131208,488.5,460.849056603773,489.9699097291879,3.6792452830188465,-1.8867924528302424
1557235241.158009,491.5,463.6792452830183,492.9789368104316,1.3207547169811105,-0.1886792452830619
1557235242.185429,493.4,465.47169811320697,494.884653961886,1.0377358490565716,0.2830188679244854
1557235243.212636,493.8,465.8490566037731,495.2858575727185,0.18867924528300814,-5.362377208939506e-14
1557235244.240119,494.6,466.6037735849051,496.0882647943835,0.4716981132075471,0.1886792452830081
1557235245.268252,495.3,467.2641509433957,496.79037111334037,0.4716981132075471,0.283018867924539
1557235246.294486,494.9,467.2641509433957,496.79037111334037,0.0,0.0
1557235247.3217542,495.5,467.4528301886787,496.9909729187566,0.18867924528300814,0.18867924528300814
1557235248.348991,495.9,467.8301886792447,497.39217652958905,0.3773584905660163,0.3773584905660163
1557235249.37642,496.4,468.30188679245225,497.8936810431297,0.3773584905660163,0.2830188679244854
1557235250.403572,496.0,468.30188679245225,497.8936810431297,0.0,0.0
1557235251.431059,494.2,468.30188679245225,497.8936810431297,0.0,0.0
1557235252.458352,498.4,470.18867924528246,499.89969909729217,1.8867924528301885,1.8867924528301885
1557235253.485425,498.0,470.18867924528246,499.89969909729217,0.0,0.0
1557235254.512717,498.0,470.5660377358485,500.3009027081247,0.0,-0.3773584905660699
1557235255.540169,498.3,470.5660377358485,500.3009027081247,0.0,0.0
1557235256.566947,498.0,470.5660377358485,500.3009027081247,0.0,0.0
1557235257.595265,498.0,470.5660377358485,500.3009027081247,0.0,0.0
1557235258.6214652,498.1,470.5660377358485,500.3009027081247,0.0,0.0
1557235259.6492429,498.2,470.5660377358485,500.3009027081247,0.0,0.0
1557235260.6759539,498.4,470.5660377358485,500.3009027081247,0.0,0.0
1557235261.703892,499.1,471.03773584905605,500.8024072216653,0.0,-0.4716981132075471
1557235262.730795,499.0,471.13207547169753,500.9027081243734,0.0,-0.09433962264147726
1557235263.757926,499.6,471.3207547169806,501.1033099297897,0.18867924528306176,0.18867924528306176
1557235264.7849758,499.3,471.3207547169806,501.1033099297897,0.0,0.0
1557235265.8125398,499.5,471.3207547169806,501.1033099297897,0.0,0.0
1557235266.839482,500.0,471.69811320754667,501.50451354062216,0.18867924528300814,0.0
1557235267.866455,501.3,472.9245283018863,502.8084252758278,0.7547169811320862,0.28301886792453906
1557235268.8939369,502.0,473.5849056603768,503.51053159478465,0.3773584905660163,0.09433962264147727
1557235269.9209101,502.1,473.67924528301836,503.6108324974928,0.09433962264153088,0.09433962264153088
1557235270.948075,502.6,474.3396226415089,504.3129388164497,0.0,-0.6603773584905552
1557235271.9750779,504.6,476.0377358490561,506.11835506519594,0.7547169811320862,-0.18867924528300806
1557235273.002372,505.0,476.4150943396221,506.5195586760284,0.3773584905660163,0.3773584905660163
1557235274.029166,505.5,476.88679245282964,507.021063189569,0.4716981132075471,0.4716981132075471
1557235275.056362,506.4,477.73584905660323,507.92377131394215,0.7547169811320326,0.6603773584905017
1557235276.0837839,506.6,477.9245283018863,508.12437311935844,0.0,-0.18867924528306176
1557235277.1105468,507.4,478.67924528301836,508.9267803410234,0.2830188679244854,-0.18867924528306174
1557235278.1380138,508.3,479.52830188679195,509.8294884653966,0.283018867924539,-0.283018867924539
1557235279.165505,508.3,479.81132075471646,510.130391173521,0.0,-0.283018867924539
1557235280.19217,508.9,480.283018867924,510.6318956870616,0.0,-0.4716981132075471
1557235281.219562,509.9,481.03773584905605,511.4343029087266,0.7547169811320326,0.7547169811320326
1557235282.2465851,511.1,482.73584905660323,513.2397191574728,0.0,-1.6981132075471805
1557235283.273995,510.7,482.73584905660323,513.2397191574728,0.0,0.0
1557235284.301304,511.5,482.73584905660323,513.2397191574728,0.0,0.0
1557235285.328928,514.4,485.28301886792394,515.9478435305922,1.5094339622641724,0.4716981132076008
1557235286.355805,515.7,486.5094339622636,517.2517552657979,0.8490566037736706,0.47169811320765437
1557235287.383022,515.8,486.603773584905,517.3520561685059,0.09433962264142363,0.09433962264142363
1557235288.410501,516.6,487.3584905660372,518.1544633901709,0.7547169811321398,0.7547169811321398
1557235289.437859,516.8,487.54716981132015,518.355065195587,0.09433962264142363,-1.0724754417879012e-13
1557235290.465409,517.1,487.83018867924477,518.6559679037115,0.18867924528306176,0.09433962264153088
1557235291.492398,518.0,488.67924528301836,519.5586760280846,0.2830188679244854,-0.28301886792459263
1557235292.519756,518.6,489.24528301886744,520.1604814443334,0.18867924528306176,-0.18867924528295452
1557235293.5471811,519.2,489.8113207547165,520.7622868605822,0.566037735849078,0.566037735849078
1557235294.574199,519.6,490.471698113207,521.464393179539,0.0,-0.6603773584905016
1557235295.6017148,519.4,490.471698113207,521.464393179539,0.0,0.0
1557235296.629227,520.7,491.22641509433913,522.266800401204,0.28301886792459263,-0.1886792452829545
1557235297.65669,520.7,491.22641509433913,522.266800401204,0.0,0.0
1557235298.684059,520.8,491.6037735849051,522.6680040120365,0.0,-0.3773584905660163
1557235299.711314,522.2,492.64150943396174,523.7713139418258,0.6603773584906089,0.2830188679245926
1557235300.7389061,522.3,492.7358490566032,523.8716148445338,0.09433962264142363,0.09433962264142363
1557235301.766274,523.2,493.5849056603769,524.774322968907,0.09433962264153088,-0.660377358490609
1557235302.793853,523.3,493.6792452830183,524.874623871615,0.09433962264142363,0.09433962264142363
1557235303.821238,523.3,493.6792452830183,524.874623871615,0.0,0.0
1557235304.848487,523.6,494.43396226415047,525.67703109328,0.0,-0.7547169811321398
1557235305.875713,525.2,495.4716981132071,526.7803410230694,0.4716981132075471,-0.0943396226415309
1557235306.9034722,524.6,495.4716981132071,526.7803410230694,0.0,0.0
1557235307.930457,524.9,495.4716981132071,526.7803410230694,0.0,0.0
1557235308.957516,524.9,495.4716981132071,526.7803410230694,0.0,0.0
1557235309.985002,525.7,495.9433962264146,527.2818455366099,0.4716981132075471,0.4716981132075471
1557235311.012214,525.8,496.22641509433913,527.5827482447343,0.0,-0.2830188679244854
1557235312.0391529,526.7,496.88679245282975,528.2848545636912,0.37735849056612353,0.09433962264163814
1557235313.0668328,526.5,496.88679245282975,528.2848545636912,0.0,0.0
1557235314.0936692,527.8,497.9245283018863,529.3881644934805,0.8490566037735634,0.6603773584906089
1557235315.120972,529.0,499.05660377358447,530.5917753259781,1.132075471698156,1.132075471698156
1557235316.1482902,529.7,499.7169811320751,531.293881644935,0.18867924528306176,-0.2830188679244854
1557235317.175752,529.3,499.7169811320751,531.293881644935,0.0,0.0
1557235318.202657,529.4,499.7169811320751,531.293881644935,0.0,0.0
1557235319.229734,530.2,500.18867924528263,531.7953861584757,0.28301886792459263,0.09433962264163812
1557235320.256922,531.7,501.6037735849053,533.2998996990975,0.6603773584906089,-0.0943396226414237
1557235321.284072,532.5,502.4528301886789,534.2026078234707,0.0,-0.8490566037735634
1557235322.311202,533.7,503.77358490566,535.6068204613844,0.0,-1.3207547169811105
1557235323.338609,534.5,506.13207547169776,538.1143430290874,0.0,-2.3584905660377355
1557235324.365942,534.4,506.13207547169776,538.1143430290874,0.0,0.0
1557235325.393764,534.2,506.13207547169776,538.1143430290874,0.0,0.0
1557235326.42078,534.5,506.13207547169776,538.1143430290874,0.0,0.0
1557235327.447755,534.9,506.13207547169776,538.1143430290874,0.0,0.0
1557235328.474972,535.1,506.13207547169776,538.1143430290874,0.0,0.0
1557235329.5019588,535.1,506.13207547169776,538.1143430290874,0.0,0.0
1557235330.5294771,535.4,506.13207547169776,538.1143430290874,0.0,0.0
1557235331.556433,535.3,506.13207547169776,538.1143430290874,0.0,0.0